split,policy,seed,graph_id,layout_score_improvement
val,Default FR,2026,val__erdos_renyi__small__idx0000__seed202026,0.14859228855632622
val,Default FR,2026,val__erdos_renyi__small__idx0001__seed202027,0.21329373477282215
val,Default FR,2026,val__erdos_renyi__small__idx0002__seed202028,0.14547103304996667
val,Default FR,2026,val__erdos_renyi__medium__idx0000__seed203026,0.15792021017770586
val,Default FR,2026,val__erdos_renyi__medium__idx0001__seed203027,0.1474396244275153
val,Default FR,2026,val__erdos_renyi__medium__idx0002__seed203028,0.14899044165745617
val,Default FR,2026,val__barabasi_albert__small__idx0000__seed212026,0.13186991426827321
val,Default FR,2026,val__barabasi_albert__small__idx0001__seed212027,0.09370883102247052
val,Default FR,2026,val__barabasi_albert__small__idx0002__seed212028,0.0922673794751721
val,Default FR,2026,val__barabasi_albert__medium__idx0000__seed213026,0.12111109909630485
val,Default FR,2026,val__barabasi_albert__medium__idx0001__seed213027,0.08872811575203643
val,Default FR,2026,val__barabasi_albert__medium__idx0002__seed213028,0.08868194679087094
val,Default FR,2026,val__watts_strogatz__small__idx0000__seed222026,0.1384865124840629
val,Default FR,2026,val__watts_strogatz__small__idx0001__seed222027,0.12532760786302882
val,Default FR,2026,val__watts_strogatz__small__idx0002__seed222028,0.14173315887779903
val,Default FR,2026,val__watts_strogatz__medium__idx0000__seed223026,0.10644911006247881
val,Default FR,2026,val__watts_strogatz__medium__idx0001__seed223027,0.11179033374803826
val,Default FR,2026,val__watts_strogatz__medium__idx0002__seed223028,0.11989254588794374
val,Default FR,2026,val__tree__small__idx0000__seed232026,0.24177667409150783
val,Default FR,2026,val__tree__small__idx0001__seed232027,0.2166628048875756
val,Default FR,2026,val__tree__small__idx0002__seed232028,0.3020280056602328
val,Default FR,2026,val__tree__medium__idx0000__seed233026,0.2207238429040812
val,Default FR,2026,val__tree__medium__idx0001__seed233027,0.19801980524881801
val,Default FR,2026,val__tree__medium__idx0002__seed233028,0.22139043047457507
val,Default FR,2026,val__grid__small__idx0000__seed242026,0.3165379648320571
val,Default FR,2026,val__grid__small__idx0001__seed242027,0.3226874878047352
val,Default FR,2026,val__grid__small__idx0002__seed242028,0.36011200691519657
val,Default FR,2026,val__grid__medium__idx0000__seed243026,0.34737943452285935
val,Default FR,2026,val__grid__medium__idx0001__seed243027,0.19261366566186988
val,Default FR,2026,val__grid__medium__idx0002__seed243028,0.23367484645188152
val,Random,2026,val__erdos_renyi__small__idx0000__seed202026,0.14078837125047317
val,Random,2026,val__erdos_renyi__small__idx0001__seed202027,0.2193769539001818
val,Random,2026,val__erdos_renyi__small__idx0002__seed202028,0.1418240826826347
val,Random,2026,val__erdos_renyi__medium__idx0000__seed203026,0.1710694907406145
val,Random,2026,val__erdos_renyi__medium__idx0001__seed203027,0.1536051387158846
val,Random,2026,val__erdos_renyi__medium__idx0002__seed203028,0.13868284743004816
val,Random,2026,val__barabasi_albert__small__idx0000__seed212026,0.11422107115358837
val,Random,2026,val__barabasi_albert__small__idx0001__seed212027,0.08673735145656569
val,Random,2026,val__barabasi_albert__small__idx0002__seed212028,0.08938749335055979
val,Random,2026,val__barabasi_albert__medium__idx0000__seed213026,0.12883949539249623
val,Random,2026,val__barabasi_albert__medium__idx0001__seed213027,0.0927230906238945
val,Random,2026,val__barabasi_albert__medium__idx0002__seed213028,0.08058902968181303
val,Random,2026,val__watts_strogatz__small__idx0000__seed222026,0.13910621671857076
val,Random,2026,val__watts_strogatz__small__idx0001__seed222027,0.11976162998683021
val,Random,2026,val__watts_strogatz__small__idx0002__seed222028,0.10434045232286338
val,Random,2026,val__watts_strogatz__medium__idx0000__seed223026,0.09509646327885568
val,Random,2026,val__watts_strogatz__medium__idx0001__seed223027,0.10355907571012923
val,Random,2026,val__watts_strogatz__medium__idx0002__seed223028,0.09427636052568256
val,Random,2026,val__tree__small__idx0000__seed232026,0.26252326244405466
val,Random,2026,val__tree__small__idx0001__seed232027,0.2186190645760122
val,Random,2026,val__tree__small__idx0002__seed232028,0.2526404606206316
val,Random,2026,val__tree__medium__idx0000__seed233026,0.18896869920447246
val,Random,2026,val__tree__medium__idx0001__seed233027,0.1817458996218715
val,Random,2026,val__tree__medium__idx0002__seed233028,0.1892323550134889
val,Random,2026,val__grid__small__idx0000__seed242026,0.2927867797899367
val,Random,2026,val__grid__small__idx0001__seed242027,0.306901581110266
val,Random,2026,val__grid__small__idx0002__seed242028,0.4005271008725882
val,Random,2026,val__grid__medium__idx0000__seed243026,0.33085711620059843
val,Random,2026,val__grid__medium__idx0001__seed243027,0.17691297686130536
val,Random,2026,val__grid__medium__idx0002__seed243028,0.31029505817540615
val,Best fixed,2026,val__erdos_renyi__small__idx0000__seed202026,0.14972176261586068
val,Best fixed,2026,val__erdos_renyi__small__idx0001__seed202027,0.22345269427576492
val,Best fixed,2026,val__erdos_renyi__small__idx0002__seed202028,0.15838119214131907
val,Best fixed,2026,val__erdos_renyi__medium__idx0000__seed203026,0.18185803982205406
val,Best fixed,2026,val__erdos_renyi__medium__idx0001__seed203027,0.1568782253365098
val,Best fixed,2026,val__erdos_renyi__medium__idx0002__seed203028,0.15275246762669875
val,Best fixed,2026,val__barabasi_albert__small__idx0000__seed212026,0.14709403718695246
val,Best fixed,2026,val__barabasi_albert__small__idx0001__seed212027,0.10788910119748019
val,Best fixed,2026,val__barabasi_albert__small__idx0002__seed212028,0.09479539571548695
val,Best fixed,2026,val__barabasi_albert__medium__idx0000__seed213026,0.12103781353743409
val,Best fixed,2026,val__barabasi_albert__medium__idx0001__seed213027,0.08929945744520018
val,Best fixed,2026,val__barabasi_albert__medium__idx0002__seed213028,0.08022111990590619
val,Best fixed,2026,val__watts_strogatz__small__idx0000__seed222026,0.12759665982337803
val,Best fixed,2026,val__watts_strogatz__small__idx0001__seed222027,0.12562558767705329
val,Best fixed,2026,val__watts_strogatz__small__idx0002__seed222028,0.14974795012783593
val,Best fixed,2026,val__watts_strogatz__medium__idx0000__seed223026,0.1018438156232031
val,Best fixed,2026,val__watts_strogatz__medium__idx0001__seed223027,0.12304143064242468
val,Best fixed,2026,val__watts_strogatz__medium__idx0002__seed223028,0.12538330914819606
val,Best fixed,2026,val__tree__small__idx0000__seed232026,0.2599635313185722
val,Best fixed,2026,val__tree__small__idx0001__seed232027,0.20116402324333638
val,Best fixed,2026,val__tree__small__idx0002__seed232028,0.28082944646449415
val,Best fixed,2026,val__tree__medium__idx0000__seed233026,0.21620158511734033
val,Best fixed,2026,val__tree__medium__idx0001__seed233027,0.21564830245609778
val,Best fixed,2026,val__tree__medium__idx0002__seed233028,0.23104259250141446
val,Best fixed,2026,val__grid__small__idx0000__seed242026,0.3329515539589668
val,Best fixed,2026,val__grid__small__idx0001__seed242027,0.3329645681981207
val,Best fixed,2026,val__grid__small__idx0002__seed242028,0.38938046999966475
val,Best fixed,2026,val__grid__medium__idx0000__seed243026,0.3216787737576985
val,Best fixed,2026,val__grid__medium__idx0001__seed243027,0.18934956280675064
val,Best fixed,2026,val__grid__medium__idx0002__seed243028,0.20228575637550228
val,PPO,2026,val__erdos_renyi__small__idx0000__seed202026,0.1530198669039572
val,PPO,2026,val__erdos_renyi__small__idx0001__seed202027,0.2212378244467153
val,PPO,2026,val__erdos_renyi__small__idx0002__seed202028,0.1640868806184178
val,PPO,2026,val__erdos_renyi__medium__idx0000__seed203026,0.16438233126708912
val,PPO,2026,val__erdos_renyi__medium__idx0001__seed203027,0.1591516338144499
val,PPO,2026,val__erdos_renyi__medium__idx0002__seed203028,0.1657555776233412
val,PPO,2026,val__barabasi_albert__small__idx0000__seed212026,0.13455867052182624
val,PPO,2026,val__barabasi_albert__small__idx0001__seed212027,0.09821328122793693
val,PPO,2026,val__barabasi_albert__small__idx0002__seed212028,0.08397109675065667
val,PPO,2026,val__barabasi_albert__medium__idx0000__seed213026,0.12772966285694348
val,PPO,2026,val__barabasi_albert__medium__idx0001__seed213027,0.09397053649860654
val,PPO,2026,val__barabasi_albert__medium__idx0002__seed213028,0.09398403784222176
val,PPO,2026,val__watts_strogatz__small__idx0000__seed222026,0.12146233416879354
val,PPO,2026,val__watts_strogatz__small__idx0001__seed222027,0.12544782799359494
val,PPO,2026,val__watts_strogatz__small__idx0002__seed222028,0.1458057988818071
val,PPO,2026,val__watts_strogatz__medium__idx0000__seed223026,0.11267011896886947
val,PPO,2026,val__watts_strogatz__medium__idx0001__seed223027,0.1173832639217921
val,PPO,2026,val__watts_strogatz__medium__idx0002__seed223028,0.12291453095483085
val,PPO,2026,val__tree__small__idx0000__seed232026,0.2506428733236219
val,PPO,2026,val__tree__small__idx0001__seed232027,0.21619340975147594
val,PPO,2026,val__tree__small__idx0002__seed232028,0.2955680850536081
val,PPO,2026,val__tree__medium__idx0000__seed233026,0.24092490558950297
val,PPO,2026,val__tree__medium__idx0001__seed233027,0.22329173251795809
val,PPO,2026,val__tree__medium__idx0002__seed233028,0.2408735035706503
val,PPO,2026,val__grid__small__idx0000__seed242026,0.33507179263223597
val,PPO,2026,val__grid__small__idx0001__seed242027,0.3179935383960205
val,PPO,2026,val__grid__small__idx0002__seed242028,0.38697121809724927
val,PPO,2026,val__grid__medium__idx0000__seed243026,0.3208678143760151
val,PPO,2026,val__grid__medium__idx0001__seed243027,0.24855288702183276
val,PPO,2026,val__grid__medium__idx0002__seed243028,0.32472588988133766
val,Default FR,2027,val__erdos_renyi__small__idx0000__seed202026,0.1308575964449208
val,Default FR,2027,val__erdos_renyi__small__idx0001__seed202027,0.22587597531570636
val,Default FR,2027,val__erdos_renyi__small__idx0002__seed202028,0.14931892831106341
val,Default FR,2027,val__erdos_renyi__medium__idx0000__seed203026,0.1960322769466849
val,Default FR,2027,val__erdos_renyi__medium__idx0001__seed203027,0.14610450674112524
val,Default FR,2027,val__erdos_renyi__medium__idx0002__seed203028,0.12265411031789852
val,Default FR,2027,val__barabasi_albert__small__idx0000__seed212026,0.09064277126293896
val,Default FR,2027,val__barabasi_albert__small__idx0001__seed212027,0.17224010963923153
val,Default FR,2027,val__barabasi_albert__small__idx0002__seed212028,0.11276540052065398
val,Default FR,2027,val__barabasi_albert__medium__idx0000__seed213026,0.13017795122718334
val,Default FR,2027,val__barabasi_albert__medium__idx0001__seed213027,0.07174691395961919
val,Default FR,2027,val__barabasi_albert__medium__idx0002__seed213028,0.11315846615790942
val,Default FR,2027,val__watts_strogatz__small__idx0000__seed222026,0.11388766957275764
val,Default FR,2027,val__watts_strogatz__small__idx0001__seed222027,0.164362569429977
val,Default FR,2027,val__watts_strogatz__small__idx0002__seed222028,0.15397178025006314
val,Default FR,2027,val__watts_strogatz__medium__idx0000__seed223026,0.10778934991919753
val,Default FR,2027,val__watts_strogatz__medium__idx0001__seed223027,0.09348132069067105
val,Default FR,2027,val__watts_strogatz__medium__idx0002__seed223028,0.12627110703025646
val,Default FR,2027,val__tree__small__idx0000__seed232026,0.28081080053993634
val,Default FR,2027,val__tree__small__idx0001__seed232027,0.20664795098365485
val,Default FR,2027,val__tree__small__idx0002__seed232028,0.2229628876454356
val,Default FR,2027,val__tree__medium__idx0000__seed233026,0.19094321189336982
val,Default FR,2027,val__tree__medium__idx0001__seed233027,0.2794623380833693
val,Default FR,2027,val__tree__medium__idx0002__seed233028,0.1888451134851119
val,Default FR,2027,val__grid__small__idx0000__seed242026,0.26941578685632495
val,Default FR,2027,val__grid__small__idx0001__seed242027,0.19324058192071836
val,Default FR,2027,val__grid__small__idx0002__seed242028,0.3472437639066138
val,Default FR,2027,val__grid__medium__idx0000__seed243026,0.22302980412755946
val,Default FR,2027,val__grid__medium__idx0001__seed243027,0.16116569438605133
val,Default FR,2027,val__grid__medium__idx0002__seed243028,0.3108802193295825
val,Random,2027,val__erdos_renyi__small__idx0000__seed202026,0.12436074055248236
val,Random,2027,val__erdos_renyi__small__idx0001__seed202027,0.1967875150187125
val,Random,2027,val__erdos_renyi__small__idx0002__seed202028,0.15487184643961271
val,Random,2027,val__erdos_renyi__medium__idx0000__seed203026,0.1759981200094679
val,Random,2027,val__erdos_renyi__medium__idx0001__seed203027,0.14445064798853308
val,Random,2027,val__erdos_renyi__medium__idx0002__seed203028,0.10172781458967384
val,Random,2027,val__barabasi_albert__small__idx0000__seed212026,0.12223445360404828
val,Random,2027,val__barabasi_albert__small__idx0001__seed212027,0.14771479725423264
val,Random,2027,val__barabasi_albert__small__idx0002__seed212028,0.11618368492290354
val,Random,2027,val__barabasi_albert__medium__idx0000__seed213026,0.13024520787081006
val,Random,2027,val__barabasi_albert__medium__idx0001__seed213027,0.06753622988020647
val,Random,2027,val__barabasi_albert__medium__idx0002__seed213028,0.11464952852659122
val,Random,2027,val__watts_strogatz__small__idx0000__seed222026,0.11471402177322854
val,Random,2027,val__watts_strogatz__small__idx0001__seed222027,0.15702589770964354
val,Random,2027,val__watts_strogatz__small__idx0002__seed222028,0.13592924556650182
val,Random,2027,val__watts_strogatz__medium__idx0000__seed223026,0.11150051541414374
val,Random,2027,val__watts_strogatz__medium__idx0001__seed223027,0.09333783924650796
val,Random,2027,val__watts_strogatz__medium__idx0002__seed223028,0.1291722117672217
val,Random,2027,val__tree__small__idx0000__seed232026,0.27465083069164853
val,Random,2027,val__tree__small__idx0001__seed232027,0.14341169841476797
val,Random,2027,val__tree__small__idx0002__seed232028,0.22075972335490746
val,Random,2027,val__tree__medium__idx0000__seed233026,0.1938246640913044
val,Random,2027,val__tree__medium__idx0001__seed233027,0.2704720262096406
val,Random,2027,val__tree__medium__idx0002__seed233028,0.18741923773589186
val,Random,2027,val__grid__small__idx0000__seed242026,0.2759766780969303
val,Random,2027,val__grid__small__idx0001__seed242027,0.32993261057335466
val,Random,2027,val__grid__small__idx0002__seed242028,0.32736245603614056
val,Random,2027,val__grid__medium__idx0000__seed243026,0.2177501060023791
val,Random,2027,val__grid__medium__idx0001__seed243027,0.2290761870793362
val,Random,2027,val__grid__medium__idx0002__seed243028,0.26265228979694805
val,Best fixed,2027,val__erdos_renyi__small__idx0000__seed202026,0.13216576726235507
val,Best fixed,2027,val__erdos_renyi__small__idx0001__seed202027,0.23096831243446303
val,Best fixed,2027,val__erdos_renyi__small__idx0002__seed202028,0.18040733604989923
val,Best fixed,2027,val__erdos_renyi__medium__idx0000__seed203026,0.21296471570358144
val,Best fixed,2027,val__erdos_renyi__medium__idx0001__seed203027,0.15713231676279454
val,Best fixed,2027,val__erdos_renyi__medium__idx0002__seed203028,0.12869999450635639
val,Best fixed,2027,val__barabasi_albert__small__idx0000__seed212026,0.1033440035241775
val,Best fixed,2027,val__barabasi_albert__small__idx0001__seed212027,0.11698357791403546
val,Best fixed,2027,val__barabasi_albert__small__idx0002__seed212028,0.11564226175516756
val,Best fixed,2027,val__barabasi_albert__medium__idx0000__seed213026,0.13915244358687784
val,Best fixed,2027,val__barabasi_albert__medium__idx0001__seed213027,0.08147946555281571
val,Best fixed,2027,val__barabasi_albert__medium__idx0002__seed213028,0.11778006433460514
val,Best fixed,2027,val__watts_strogatz__small__idx0000__seed222026,0.1154283672193509
val,Best fixed,2027,val__watts_strogatz__small__idx0001__seed222027,0.16306783792713914
val,Best fixed,2027,val__watts_strogatz__small__idx0002__seed222028,0.16170194948693845
val,Best fixed,2027,val__watts_strogatz__medium__idx0000__seed223026,0.12096253376720845
val,Best fixed,2027,val__watts_strogatz__medium__idx0001__seed223027,0.10011007976663922
val,Best fixed,2027,val__watts_strogatz__medium__idx0002__seed223028,0.1405649070551136
val,Best fixed,2027,val__tree__small__idx0000__seed232026,0.26258650633459635
val,Best fixed,2027,val__tree__small__idx0001__seed232027,0.21755758540727121
val,Best fixed,2027,val__tree__small__idx0002__seed232028,0.23712805976199414
val,Best fixed,2027,val__tree__medium__idx0000__seed233026,0.20520887580183145
val,Best fixed,2027,val__tree__medium__idx0001__seed233027,0.2739876857445731
val,Best fixed,2027,val__tree__medium__idx0002__seed233028,0.1907010132654401
val,Best fixed,2027,val__grid__small__idx0000__seed242026,0.26569768193215204
val,Best fixed,2027,val__grid__small__idx0001__seed242027,0.27006637496340746
val,Best fixed,2027,val__grid__small__idx0002__seed242028,0.34004690609258215
val,Best fixed,2027,val__grid__medium__idx0000__seed243026,0.21831749252884158
val,Best fixed,2027,val__grid__medium__idx0001__seed243027,0.17416383220134024
val,Best fixed,2027,val__grid__medium__idx0002__seed243028,0.3016444629345714
val,PPO,2027,val__erdos_renyi__small__idx0000__seed202026,0.13085516861808277
val,PPO,2027,val__erdos_renyi__small__idx0001__seed202027,0.22622051703330348
val,PPO,2027,val__erdos_renyi__small__idx0002__seed202028,0.16296081008104368
val,PPO,2027,val__erdos_renyi__medium__idx0000__seed203026,0.2130339316582881
val,PPO,2027,val__erdos_renyi__medium__idx0001__seed203027,0.1422854400271965
val,PPO,2027,val__erdos_renyi__medium__idx0002__seed203028,0.13901217488967954
val,PPO,2027,val__barabasi_albert__small__idx0000__seed212026,0.101620591700885
val,PPO,2027,val__barabasi_albert__small__idx0001__seed212027,0.1725226591501362
val,PPO,2027,val__barabasi_albert__small__idx0002__seed212028,0.11880254407189439
val,PPO,2027,val__barabasi_albert__medium__idx0000__seed213026,0.1308487888064367
val,PPO,2027,val__barabasi_albert__medium__idx0001__seed213027,0.07461850008633286
val,PPO,2027,val__barabasi_albert__medium__idx0002__seed213028,0.11560088551974074
val,PPO,2027,val__watts_strogatz__small__idx0000__seed222026,0.10889399133956146
val,PPO,2027,val__watts_strogatz__small__idx0001__seed222027,0.16632072020516458
val,PPO,2027,val__watts_strogatz__small__idx0002__seed222028,0.16251466645809504
val,PPO,2027,val__watts_strogatz__medium__idx0000__seed223026,0.13218550388792683
val,PPO,2027,val__watts_strogatz__medium__idx0001__seed223027,0.09750909771981853
val,PPO,2027,val__watts_strogatz__medium__idx0002__seed223028,0.13086837199246892
val,PPO,2027,val__tree__small__idx0000__seed232026,0.27262838918738075
val,PPO,2027,val__tree__small__idx0001__seed232027,0.22485238827254284
val,PPO,2027,val__tree__small__idx0002__seed232028,0.25336794329744694
val,PPO,2027,val__tree__medium__idx0000__seed233026,0.2175202970000235
val,PPO,2027,val__tree__medium__idx0001__seed233027,0.2843668283678005
val,PPO,2027,val__tree__medium__idx0002__seed233028,0.1993462704220702
val,PPO,2027,val__grid__small__idx0000__seed242026,0.2696090927850622
val,PPO,2027,val__grid__small__idx0001__seed242027,0.34864120015204825
val,PPO,2027,val__grid__small__idx0002__seed242028,0.34077113368385104
val,PPO,2027,val__grid__medium__idx0000__seed243026,0.3130513679932363
val,PPO,2027,val__grid__medium__idx0001__seed243027,0.19451363724711113
val,PPO,2027,val__grid__medium__idx0002__seed243028,0.3434887500066875
val,Default FR,2028,val__erdos_renyi__small__idx0000__seed202026,0.107622623177823
val,Default FR,2028,val__erdos_renyi__small__idx0001__seed202027,0.1731594783278163
val,Default FR,2028,val__erdos_renyi__small__idx0002__seed202028,0.1321831867121782
val,Default FR,2028,val__erdos_renyi__medium__idx0000__seed203026,0.13545854584112627
val,Default FR,2028,val__erdos_renyi__medium__idx0001__seed203027,0.14524205705843007
val,Default FR,2028,val__erdos_renyi__medium__idx0002__seed203028,0.12654756943206447
val,Default FR,2028,val__barabasi_albert__small__idx0000__seed212026,0.06954725749406732
val,Default FR,2028,val__barabasi_albert__small__idx0001__seed212027,0.10539899952542964
val,Default FR,2028,val__barabasi_albert__small__idx0002__seed212028,0.1163341266196462
val,Default FR,2028,val__barabasi_albert__medium__idx0000__seed213026,0.1073159175938575
val,Default FR,2028,val__barabasi_albert__medium__idx0001__seed213027,0.10479181187065406
val,Default FR,2028,val__barabasi_albert__medium__idx0002__seed213028,0.08279001982607093
val,Default FR,2028,val__watts_strogatz__small__idx0000__seed222026,0.14799670445036867
val,Default FR,2028,val__watts_strogatz__small__idx0001__seed222027,0.1513920157248489
val,Default FR,2028,val__watts_strogatz__small__idx0002__seed222028,0.14585397335480377
val,Default FR,2028,val__watts_strogatz__medium__idx0000__seed223026,0.106425880799083
val,Default FR,2028,val__watts_strogatz__medium__idx0001__seed223027,0.09824370714081238
val,Default FR,2028,val__watts_strogatz__medium__idx0002__seed223028,0.10866140850832451
val,Default FR,2028,val__tree__small__idx0000__seed232026,0.23871424213277892
val,Default FR,2028,val__tree__small__idx0001__seed232027,0.20605048120443925
val,Default FR,2028,val__tree__small__idx0002__seed232028,0.20439408278951698
val,Default FR,2028,val__tree__medium__idx0000__seed233026,0.19546137735077318
val,Default FR,2028,val__tree__medium__idx0001__seed233027,0.24665856120573826
val,Default FR,2028,val__tree__medium__idx0002__seed233028,0.17214252878770775
val,Default FR,2028,val__grid__small__idx0000__seed242026,0.29713762619414286
val,Default FR,2028,val__grid__small__idx0001__seed242027,0.30073317893167806
val,Default FR,2028,val__grid__small__idx0002__seed242028,0.3131931571725296
val,Default FR,2028,val__grid__medium__idx0000__seed243026,0.21516082224427113
val,Default FR,2028,val__grid__medium__idx0001__seed243027,0.1780363917738379
val,Default FR,2028,val__grid__medium__idx0002__seed243028,0.24668565750460392
val,Random,2028,val__erdos_renyi__small__idx0000__seed202026,0.08706447727190025
val,Random,2028,val__erdos_renyi__small__idx0001__seed202027,0.19354639308136168
val,Random,2028,val__erdos_renyi__small__idx0002__seed202028,0.1554577697233085
val,Random,2028,val__erdos_renyi__medium__idx0000__seed203026,0.14488555240439493
val,Random,2028,val__erdos_renyi__medium__idx0001__seed203027,0.13244206457484653
val,Random,2028,val__erdos_renyi__medium__idx0002__seed203028,0.1422157061985151
val,Random,2028,val__barabasi_albert__small__idx0000__seed212026,0.06936545436293129
val,Random,2028,val__barabasi_albert__small__idx0001__seed212027,0.10673314890457541
val,Random,2028,val__barabasi_albert__small__idx0002__seed212028,0.11157552690658107
val,Random,2028,val__barabasi_albert__medium__idx0000__seed213026,0.11553579440530037
val,Random,2028,val__barabasi_albert__medium__idx0001__seed213027,0.09057688018090987
val,Random,2028,val__barabasi_albert__medium__idx0002__seed213028,0.07886098594708246
val,Random,2028,val__watts_strogatz__small__idx0000__seed222026,0.1535926533662763
val,Random,2028,val__watts_strogatz__small__idx0001__seed222027,0.15159312439760492
val,Random,2028,val__watts_strogatz__small__idx0002__seed222028,0.14074199316094016
val,Random,2028,val__watts_strogatz__medium__idx0000__seed223026,0.1132448006368203
val,Random,2028,val__watts_strogatz__medium__idx0001__seed223027,0.11439768334795591
val,Random,2028,val__watts_strogatz__medium__idx0002__seed223028,0.11198584591029526
val,Random,2028,val__tree__small__idx0000__seed232026,0.2940821852169392
val,Random,2028,val__tree__small__idx0001__seed232027,0.21285775324401401
val,Random,2028,val__tree__small__idx0002__seed232028,0.2117275433617165
val,Random,2028,val__tree__medium__idx0000__seed233026,0.1905869134618895
val,Random,2028,val__tree__medium__idx0001__seed233027,0.23311707453121489
val,Random,2028,val__tree__medium__idx0002__seed233028,0.18459439420632806
val,Random,2028,val__grid__small__idx0000__seed242026,0.19350975539158433
val,Random,2028,val__grid__small__idx0001__seed242027,0.3038985343806776
val,Random,2028,val__grid__small__idx0002__seed242028,0.3137135759068196
val,Random,2028,val__grid__medium__idx0000__seed243026,0.20098587537764756
val,Random,2028,val__grid__medium__idx0001__seed243027,0.2687688329333262
val,Random,2028,val__grid__medium__idx0002__seed243028,0.2479677846629057
val,Best fixed,2028,val__erdos_renyi__small__idx0000__seed202026,0.10874193703146418
val,Best fixed,2028,val__erdos_renyi__small__idx0001__seed202027,0.17405727400714543
val,Best fixed,2028,val__erdos_renyi__small__idx0002__seed202028,0.159733095270433
val,Best fixed,2028,val__erdos_renyi__medium__idx0000__seed203026,0.17358626871551575
val,Best fixed,2028,val__erdos_renyi__medium__idx0001__seed203027,0.1527832497622702
val,Best fixed,2028,val__erdos_renyi__medium__idx0002__seed203028,0.132881571530842
val,Best fixed,2028,val__barabasi_albert__small__idx0000__seed212026,0.07618333541039257
val,Best fixed,2028,val__barabasi_albert__small__idx0001__seed212027,0.1308776855080267
val,Best fixed,2028,val__barabasi_albert__small__idx0002__seed212028,0.11669822467176377
val,Best fixed,2028,val__barabasi_albert__medium__idx0000__seed213026,0.11186073177668354
val,Best fixed,2028,val__barabasi_albert__medium__idx0001__seed213027,0.10393691197667126
val,Best fixed,2028,val__barabasi_albert__medium__idx0002__seed213028,0.07960979016921799
val,Best fixed,2028,val__watts_strogatz__small__idx0000__seed222026,0.15757496512596175
val,Best fixed,2028,val__watts_strogatz__small__idx0001__seed222027,0.1523095840928031
val,Best fixed,2028,val__watts_strogatz__small__idx0002__seed222028,0.14474719016445003
val,Best fixed,2028,val__watts_strogatz__medium__idx0000__seed223026,0.11815391313508405
val,Best fixed,2028,val__watts_strogatz__medium__idx0001__seed223027,0.11346330584148184
val,Best fixed,2028,val__watts_strogatz__medium__idx0002__seed223028,0.11875508943193924
val,Best fixed,2028,val__tree__small__idx0000__seed232026,0.3069797842099449
val,Best fixed,2028,val__tree__small__idx0001__seed232027,0.2164896735344486
val,Best fixed,2028,val__tree__small__idx0002__seed232028,0.21232637815011057
val,Best fixed,2028,val__tree__medium__idx0000__seed233026,0.19201329575470716
val,Best fixed,2028,val__tree__medium__idx0001__seed233027,0.2534645219052133
val,Best fixed,2028,val__tree__medium__idx0002__seed233028,0.18048825594951945
val,Best fixed,2028,val__grid__small__idx0000__seed242026,0.2380547395028364
val,Best fixed,2028,val__grid__small__idx0001__seed242027,0.2667371693724869
val,Best fixed,2028,val__grid__small__idx0002__seed242028,0.3205320870941698
val,Best fixed,2028,val__grid__medium__idx0000__seed243026,0.19802510842369925
val,Best fixed,2028,val__grid__medium__idx0001__seed243027,0.20054279109558237
val,Best fixed,2028,val__grid__medium__idx0002__seed243028,0.24622227577339928
val,PPO,2028,val__erdos_renyi__small__idx0000__seed202026,0.11862978937597646
val,PPO,2028,val__erdos_renyi__small__idx0001__seed202027,0.18709582200441233
val,PPO,2028,val__erdos_renyi__small__idx0002__seed202028,0.17137516769221228
val,PPO,2028,val__erdos_renyi__medium__idx0000__seed203026,0.15773464179245045
val,PPO,2028,val__erdos_renyi__medium__idx0001__seed203027,0.15626375787758717
val,PPO,2028,val__erdos_renyi__medium__idx0002__seed203028,0.14429115185910923
val,PPO,2028,val__barabasi_albert__small__idx0000__seed212026,0.08674063173152435
val,PPO,2028,val__barabasi_albert__small__idx0001__seed212027,0.10532974208422752
val,PPO,2028,val__barabasi_albert__small__idx0002__seed212028,0.11895899471643173
val,PPO,2028,val__barabasi_albert__medium__idx0000__seed213026,0.11126258240220299
val,PPO,2028,val__barabasi_albert__medium__idx0001__seed213027,0.10400999147406415
val,PPO,2028,val__barabasi_albert__medium__idx0002__seed213028,0.08164027563189791
val,PPO,2028,val__watts_strogatz__small__idx0000__seed222026,0.14777612201230134
val,PPO,2028,val__watts_strogatz__small__idx0001__seed222027,0.14656878595169792
val,PPO,2028,val__watts_strogatz__small__idx0002__seed222028,0.1421644542413899
val,PPO,2028,val__watts_strogatz__medium__idx0000__seed223026,0.11745499651897351
val,PPO,2028,val__watts_strogatz__medium__idx0001__seed223027,0.11545471434023796
val,PPO,2028,val__watts_strogatz__medium__idx0002__seed223028,0.12155455412279326
val,PPO,2028,val__tree__small__idx0000__seed232026,0.27478454442789957
val,PPO,2028,val__tree__small__idx0001__seed232027,0.21996109820195775
val,PPO,2028,val__tree__small__idx0002__seed232028,0.22187481997288128
val,PPO,2028,val__tree__medium__idx0000__seed233026,0.1864232839688983
val,PPO,2028,val__tree__medium__idx0001__seed233027,0.2472155491066832
val,PPO,2028,val__tree__medium__idx0002__seed233028,0.20070636408667808
val,PPO,2028,val__grid__small__idx0000__seed242026,0.3151756037055452
val,PPO,2028,val__grid__small__idx0001__seed242027,0.2977169267849352
val,PPO,2028,val__grid__small__idx0002__seed242028,0.31306859518172625
val,PPO,2028,val__grid__medium__idx0000__seed243026,0.33178950491519865
val,PPO,2028,val__grid__medium__idx0001__seed243027,0.32480848733429046
val,PPO,2028,val__grid__medium__idx0002__seed243028,0.2982315267384338
val,Default FR,2029,val__erdos_renyi__small__idx0000__seed202026,0.10135413521439662
val,Default FR,2029,val__erdos_renyi__small__idx0001__seed202027,0.1489982917922702
val,Default FR,2029,val__erdos_renyi__small__idx0002__seed202028,0.17021703423353152
val,Default FR,2029,val__erdos_renyi__medium__idx0000__seed203026,0.21247266821988686
val,Default FR,2029,val__erdos_renyi__medium__idx0001__seed203027,0.15756328919995594
val,Default FR,2029,val__erdos_renyi__medium__idx0002__seed203028,0.14291233611564524
val,Default FR,2029,val__barabasi_albert__small__idx0000__seed212026,0.13790473983414098
val,Default FR,2029,val__barabasi_albert__small__idx0001__seed212027,0.13276435046795898
val,Default FR,2029,val__barabasi_albert__small__idx0002__seed212028,0.09636511251481622
val,Default FR,2029,val__barabasi_albert__medium__idx0000__seed213026,0.09226990242748245
val,Default FR,2029,val__barabasi_albert__medium__idx0001__seed213027,0.10311434267845948
val,Default FR,2029,val__barabasi_albert__medium__idx0002__seed213028,0.07286422787486146
val,Default FR,2029,val__watts_strogatz__small__idx0000__seed222026,0.14742290071123543
val,Default FR,2029,val__watts_strogatz__small__idx0001__seed222027,0.15295341221461334
val,Default FR,2029,val__watts_strogatz__small__idx0002__seed222028,0.09764770639780529
val,Default FR,2029,val__watts_strogatz__medium__idx0000__seed223026,0.129063940643113
val,Default FR,2029,val__watts_strogatz__medium__idx0001__seed223027,0.1017356904793934
val,Default FR,2029,val__watts_strogatz__medium__idx0002__seed223028,0.12252624103780962
val,Default FR,2029,val__tree__small__idx0000__seed232026,0.2014211170185619
val,Default FR,2029,val__tree__small__idx0001__seed232027,0.2431964476294125
val,Default FR,2029,val__tree__small__idx0002__seed232028,0.18301495694345749
val,Default FR,2029,val__tree__medium__idx0000__seed233026,0.20030253374802154
val,Default FR,2029,val__tree__medium__idx0001__seed233027,0.20030541280968284
val,Default FR,2029,val__tree__medium__idx0002__seed233028,0.17500247777557798
val,Default FR,2029,val__grid__small__idx0000__seed242026,0.20548613761993817
val,Default FR,2029,val__grid__small__idx0001__seed242027,0.3031520299559568
val,Default FR,2029,val__grid__small__idx0002__seed242028,0.2837141713076181
val,Default FR,2029,val__grid__medium__idx0000__seed243026,0.23792233066922475
val,Default FR,2029,val__grid__medium__idx0001__seed243027,0.24777321672486474
val,Default FR,2029,val__grid__medium__idx0002__seed243028,0.22171053156505638
val,Random,2029,val__erdos_renyi__small__idx0000__seed202026,0.10493909639426502
val,Random,2029,val__erdos_renyi__small__idx0001__seed202027,0.1371242984284935
val,Random,2029,val__erdos_renyi__small__idx0002__seed202028,0.15075686613016803
val,Random,2029,val__erdos_renyi__medium__idx0000__seed203026,0.21989218790600373
val,Random,2029,val__erdos_renyi__medium__idx0001__seed203027,0.1394628368676047
val,Random,2029,val__erdos_renyi__medium__idx0002__seed203028,0.14188385036251905
val,Random,2029,val__barabasi_albert__small__idx0000__seed212026,0.12408454762321819
val,Random,2029,val__barabasi_albert__small__idx0001__seed212027,0.17282102437372093
val,Random,2029,val__barabasi_albert__small__idx0002__seed212028,0.08960132175625785
val,Random,2029,val__barabasi_albert__medium__idx0000__seed213026,0.08766252476003633
val,Random,2029,val__barabasi_albert__medium__idx0001__seed213027,0.11416487604988573
val,Random,2029,val__barabasi_albert__medium__idx0002__seed213028,0.07211950179396398
val,Random,2029,val__watts_strogatz__small__idx0000__seed222026,0.16569443859468114
val,Random,2029,val__watts_strogatz__small__idx0001__seed222027,0.1425593464859657
val,Random,2029,val__watts_strogatz__small__idx0002__seed222028,0.09465538427603959
val,Random,2029,val__watts_strogatz__medium__idx0000__seed223026,0.12744394931504688
val,Random,2029,val__watts_strogatz__medium__idx0001__seed223027,0.12038973172918271
val,Random,2029,val__watts_strogatz__medium__idx0002__seed223028,0.11406308778491558
val,Random,2029,val__tree__small__idx0000__seed232026,0.19602591691518778
val,Random,2029,val__tree__small__idx0001__seed232027,0.23589033329262976
val,Random,2029,val__tree__small__idx0002__seed232028,0.1895684003347612
val,Random,2029,val__tree__medium__idx0000__seed233026,0.20586690007223662
val,Random,2029,val__tree__medium__idx0001__seed233027,0.20648662750368718
val,Random,2029,val__tree__medium__idx0002__seed233028,0.1732182982144982
val,Random,2029,val__grid__small__idx0000__seed242026,0.24608450179371544
val,Random,2029,val__grid__small__idx0001__seed242027,0.3023487158050605
val,Random,2029,val__grid__small__idx0002__seed242028,0.2885844542879953
val,Random,2029,val__grid__medium__idx0000__seed243026,0.27673863458720016
val,Random,2029,val__grid__medium__idx0001__seed243027,0.3180404396237493
val,Random,2029,val__grid__medium__idx0002__seed243028,0.17136356863725988
val,Best fixed,2029,val__erdos_renyi__small__idx0000__seed202026,0.11927837653843221
val,Best fixed,2029,val__erdos_renyi__small__idx0001__seed202027,0.17711967089778768
val,Best fixed,2029,val__erdos_renyi__small__idx0002__seed202028,0.17319172070125788
val,Best fixed,2029,val__erdos_renyi__medium__idx0000__seed203026,0.22005112867756305
val,Best fixed,2029,val__erdos_renyi__medium__idx0001__seed203027,0.15732110675953787
val,Best fixed,2029,val__erdos_renyi__medium__idx0002__seed203028,0.14550745169119128
val,Best fixed,2029,val__barabasi_albert__small__idx0000__seed212026,0.1261145352988544
val,Best fixed,2029,val__barabasi_albert__small__idx0001__seed212027,0.18840444757458275
val,Best fixed,2029,val__barabasi_albert__small__idx0002__seed212028,0.10805931998992985
val,Best fixed,2029,val__barabasi_albert__medium__idx0000__seed213026,0.09712290599348361
val,Best fixed,2029,val__barabasi_albert__medium__idx0001__seed213027,0.0995530908140147
val,Best fixed,2029,val__barabasi_albert__medium__idx0002__seed213028,0.06472572832662926
val,Best fixed,2029,val__watts_strogatz__small__idx0000__seed222026,0.15782826325759225
val,Best fixed,2029,val__watts_strogatz__small__idx0001__seed222027,0.15382646299792035
val,Best fixed,2029,val__watts_strogatz__small__idx0002__seed222028,0.09020624474647165
val,Best fixed,2029,val__watts_strogatz__medium__idx0000__seed223026,0.13844227748589666
val,Best fixed,2029,val__watts_strogatz__medium__idx0001__seed223027,0.10069284276251783
val,Best fixed,2029,val__watts_strogatz__medium__idx0002__seed223028,0.11405179976244584
val,Best fixed,2029,val__tree__small__idx0000__seed232026,0.22393696638615523
val,Best fixed,2029,val__tree__small__idx0001__seed232027,0.2473120293407638
val,Best fixed,2029,val__tree__small__idx0002__seed232028,0.18567417240850748
val,Best fixed,2029,val__tree__medium__idx0000__seed233026,0.22129793078814475
val,Best fixed,2029,val__tree__medium__idx0001__seed233027,0.22757382134549575
val,Best fixed,2029,val__tree__medium__idx0002__seed233028,0.17320846463485695
val,Best fixed,2029,val__grid__small__idx0000__seed242026,0.2817561557834305
val,Best fixed,2029,val__grid__small__idx0001__seed242027,0.3060129181257165
val,Best fixed,2029,val__grid__small__idx0002__seed242028,0.28524526445634846
val,Best fixed,2029,val__grid__medium__idx0000__seed243026,0.24058911052226362
val,Best fixed,2029,val__grid__medium__idx0001__seed243027,0.22420904847301026
val,Best fixed,2029,val__grid__medium__idx0002__seed243028,0.17073703513786676
val,PPO,2029,val__erdos_renyi__small__idx0000__seed202026,0.1184243459842238
val,PPO,2029,val__erdos_renyi__small__idx0001__seed202027,0.17445160562542328
val,PPO,2029,val__erdos_renyi__small__idx0002__seed202028,0.17720347309726214
val,PPO,2029,val__erdos_renyi__medium__idx0000__seed203026,0.2190186919956003
val,PPO,2029,val__erdos_renyi__medium__idx0001__seed203027,0.16841858577877106
val,PPO,2029,val__erdos_renyi__medium__idx0002__seed203028,0.14825307877540073
val,PPO,2029,val__barabasi_albert__small__idx0000__seed212026,0.14700410288087395
val,PPO,2029,val__barabasi_albert__small__idx0001__seed212027,0.15136314959305064
val,PPO,2029,val__barabasi_albert__small__idx0002__seed212028,0.09584189324949449
val,PPO,2029,val__barabasi_albert__medium__idx0000__seed213026,0.09814773199952709
val,PPO,2029,val__barabasi_albert__medium__idx0001__seed213027,0.10110014505857484
val,PPO,2029,val__barabasi_albert__medium__idx0002__seed213028,0.07114630740630701
val,PPO,2029,val__watts_strogatz__small__idx0000__seed222026,0.15550533644179088
val,PPO,2029,val__watts_strogatz__small__idx0001__seed222027,0.14981726713973975
val,PPO,2029,val__watts_strogatz__small__idx0002__seed222028,0.09119691579407307
val,PPO,2029,val__watts_strogatz__medium__idx0000__seed223026,0.14036439811060442
val,PPO,2029,val__watts_strogatz__medium__idx0001__seed223027,0.10685777190096829
val,PPO,2029,val__watts_strogatz__medium__idx0002__seed223028,0.11994666925152953
val,PPO,2029,val__tree__small__idx0000__seed232026,0.19049978461860118
val,PPO,2029,val__tree__small__idx0001__seed232027,0.25929383472049883
val,PPO,2029,val__tree__small__idx0002__seed232028,0.20470628823956805
val,PPO,2029,val__tree__medium__idx0000__seed233026,0.1962625705573895
val,PPO,2029,val__tree__medium__idx0001__seed233027,0.23790189798784833
val,PPO,2029,val__tree__medium__idx0002__seed233028,0.17907785002351306
val,PPO,2029,val__grid__small__idx0000__seed242026,0.2609353006372588
val,PPO,2029,val__grid__small__idx0001__seed242027,0.3066035354741591
val,PPO,2029,val__grid__small__idx0002__seed242028,0.28595069755693003
val,PPO,2029,val__grid__medium__idx0000__seed243026,0.3285709931867733
val,PPO,2029,val__grid__medium__idx0001__seed243027,0.33202590254082254
val,PPO,2029,val__grid__medium__idx0002__seed243028,0.28482146282658793
val,Default FR,2030,val__erdos_renyi__small__idx0000__seed202026,0.14416376510707363
val,Default FR,2030,val__erdos_renyi__small__idx0001__seed202027,0.16344618281333112
val,Default FR,2030,val__erdos_renyi__small__idx0002__seed202028,0.13205005930281677
val,Default FR,2030,val__erdos_renyi__medium__idx0000__seed203026,0.20811362245672171
val,Default FR,2030,val__erdos_renyi__medium__idx0001__seed203027,0.12641150539612866
val,Default FR,2030,val__erdos_renyi__medium__idx0002__seed203028,0.1831928822340192
val,Default FR,2030,val__barabasi_albert__small__idx0000__seed212026,0.16151462540775385
val,Default FR,2030,val__barabasi_albert__small__idx0001__seed212027,0.14737407200778363
val,Default FR,2030,val__barabasi_albert__small__idx0002__seed212028,0.1407333222323477
val,Default FR,2030,val__barabasi_albert__medium__idx0000__seed213026,0.12481598278678241
val,Default FR,2030,val__barabasi_albert__medium__idx0001__seed213027,0.08271250876827163
val,Default FR,2030,val__barabasi_albert__medium__idx0002__seed213028,0.06080059406103999
val,Default FR,2030,val__watts_strogatz__small__idx0000__seed222026,0.15174145896962754
val,Default FR,2030,val__watts_strogatz__small__idx0001__seed222027,0.12838359165625135
val,Default FR,2030,val__watts_strogatz__small__idx0002__seed222028,0.15003032413901174
val,Default FR,2030,val__watts_strogatz__medium__idx0000__seed223026,0.10826074609276753
val,Default FR,2030,val__watts_strogatz__medium__idx0001__seed223027,0.11437314872571602
val,Default FR,2030,val__watts_strogatz__medium__idx0002__seed223028,0.11583014404999026
val,Default FR,2030,val__tree__small__idx0000__seed232026,0.19599413773324104
val,Default FR,2030,val__tree__small__idx0001__seed232027,0.171320109637351
val,Default FR,2030,val__tree__small__idx0002__seed232028,0.23693852937211035
val,Default FR,2030,val__tree__medium__idx0000__seed233026,0.2092650923615148
val,Default FR,2030,val__tree__medium__idx0001__seed233027,0.1793485460952854
val,Default FR,2030,val__tree__medium__idx0002__seed233028,0.19124945974697793
val,Default FR,2030,val__grid__small__idx0000__seed242026,0.2705631739376839
val,Default FR,2030,val__grid__small__idx0001__seed242027,0.24565494146398464
val,Default FR,2030,val__grid__small__idx0002__seed242028,0.31131101647340975
val,Default FR,2030,val__grid__medium__idx0000__seed243026,0.16261858457022094
val,Default FR,2030,val__grid__medium__idx0001__seed243027,0.19236105323523633
val,Default FR,2030,val__grid__medium__idx0002__seed243028,0.2171272229316088
val,Random,2030,val__erdos_renyi__small__idx0000__seed202026,0.12929093254008417
val,Random,2030,val__erdos_renyi__small__idx0001__seed202027,0.15315068479577254
val,Random,2030,val__erdos_renyi__small__idx0002__seed202028,0.13984035889690016
val,Random,2030,val__erdos_renyi__medium__idx0000__seed203026,0.19917921790577087
val,Random,2030,val__erdos_renyi__medium__idx0001__seed203027,0.1358837997624941
val,Random,2030,val__erdos_renyi__medium__idx0002__seed203028,0.17140610601816586
val,Random,2030,val__barabasi_albert__small__idx0000__seed212026,0.1471306982280025
val,Random,2030,val__barabasi_albert__small__idx0001__seed212027,0.1544571557145875
val,Random,2030,val__barabasi_albert__small__idx0002__seed212028,0.12310678603140635
val,Random,2030,val__barabasi_albert__medium__idx0000__seed213026,0.12558508885295327
val,Random,2030,val__barabasi_albert__medium__idx0001__seed213027,0.06277742230787142
val,Random,2030,val__barabasi_albert__medium__idx0002__seed213028,0.06975583400558927
val,Random,2030,val__watts_strogatz__small__idx0000__seed222026,0.15232613618676127
val,Random,2030,val__watts_strogatz__small__idx0001__seed222027,0.12998292192808258
val,Random,2030,val__watts_strogatz__small__idx0002__seed222028,0.15950046386830607
val,Random,2030,val__watts_strogatz__medium__idx0000__seed223026,0.11288823626871675
val,Random,2030,val__watts_strogatz__medium__idx0001__seed223027,0.11331643058508378
val,Random,2030,val__watts_strogatz__medium__idx0002__seed223028,0.1275322973261649
val,Random,2030,val__tree__small__idx0000__seed232026,0.20838394967001572
val,Random,2030,val__tree__small__idx0001__seed232027,0.1769281994317935
val,Random,2030,val__tree__small__idx0002__seed232028,0.24625210874763048
val,Random,2030,val__tree__medium__idx0000__seed233026,0.15955066871222945
val,Random,2030,val__tree__medium__idx0001__seed233027,0.1957067783833386
val,Random,2030,val__tree__medium__idx0002__seed233028,0.14212432716003864
val,Random,2030,val__grid__small__idx0000__seed242026,0.2849143238345313
val,Random,2030,val__grid__small__idx0001__seed242027,0.2719338158407822
val,Random,2030,val__grid__small__idx0002__seed242028,0.3114464096699031
val,Random,2030,val__grid__medium__idx0000__seed243026,0.1993834117325537
val,Random,2030,val__grid__medium__idx0001__seed243027,0.16344351647168165
val,Random,2030,val__grid__medium__idx0002__seed243028,0.28206707703105516
val,Best fixed,2030,val__erdos_renyi__small__idx0000__seed202026,0.13813835559021426
val,Best fixed,2030,val__erdos_renyi__small__idx0001__seed202027,0.1867738885094905
val,Best fixed,2030,val__erdos_renyi__small__idx0002__seed202028,0.1396792532926252
val,Best fixed,2030,val__erdos_renyi__medium__idx0000__seed203026,0.22032156722440155
val,Best fixed,2030,val__erdos_renyi__medium__idx0001__seed203027,0.15028027062726046
val,Best fixed,2030,val__erdos_renyi__medium__idx0002__seed203028,0.18412080409218157
val,Best fixed,2030,val__barabasi_albert__small__idx0000__seed212026,0.1600697279053046
val,Best fixed,2030,val__barabasi_albert__small__idx0001__seed212027,0.1699575005634617
val,Best fixed,2030,val__barabasi_albert__small__idx0002__seed212028,0.11287494835560485
val,Best fixed,2030,val__barabasi_albert__medium__idx0000__seed213026,0.12915212111489704
val,Best fixed,2030,val__barabasi_albert__medium__idx0001__seed213027,0.07348097202890225
val,Best fixed,2030,val__barabasi_albert__medium__idx0002__seed213028,0.06893703893318248
val,Best fixed,2030,val__watts_strogatz__small__idx0000__seed222026,0.15468162862832602
val,Best fixed,2030,val__watts_strogatz__small__idx0001__seed222027,0.12908902963379387
val,Best fixed,2030,val__watts_strogatz__small__idx0002__seed222028,0.16648915173849232
val,Best fixed,2030,val__watts_strogatz__medium__idx0000__seed223026,0.12118213121768112
val,Best fixed,2030,val__watts_strogatz__medium__idx0001__seed223027,0.11813120926680531
val,Best fixed,2030,val__watts_strogatz__medium__idx0002__seed223028,0.11890092740695646
val,Best fixed,2030,val__tree__small__idx0000__seed232026,0.17126671253774173
val,Best fixed,2030,val__tree__small__idx0001__seed232027,0.19289153541320025
val,Best fixed,2030,val__tree__small__idx0002__seed232028,0.23713925738474095
val,Best fixed,2030,val__tree__medium__idx0000__seed233026,0.19246746601325737
val,Best fixed,2030,val__tree__medium__idx0001__seed233027,0.1771843509908636
val,Best fixed,2030,val__tree__medium__idx0002__seed233028,0.20559382035628626
val,Best fixed,2030,val__grid__small__idx0000__seed242026,0.2836204305431512
val,Best fixed,2030,val__grid__small__idx0001__seed242027,0.28299964167665254
val,Best fixed,2030,val__grid__small__idx0002__seed242028,0.31437771094014644
val,Best fixed,2030,val__grid__medium__idx0000__seed243026,0.19195003364897345
val,Best fixed,2030,val__grid__medium__idx0001__seed243027,0.21106887044588296
val,Best fixed,2030,val__grid__medium__idx0002__seed243028,0.20781499970926187
val,PPO,2030,val__erdos_renyi__small__idx0000__seed202026,0.14466518781803173
val,PPO,2030,val__erdos_renyi__small__idx0001__seed202027,0.17316016750237373
val,PPO,2030,val__erdos_renyi__small__idx0002__seed202028,0.13930482750607287
val,PPO,2030,val__erdos_renyi__medium__idx0000__seed203026,0.20988781211830143
val,PPO,2030,val__erdos_renyi__medium__idx0001__seed203027,0.14717554245881148
val,PPO,2030,val__erdos_renyi__medium__idx0002__seed203028,0.1920120801673444
val,PPO,2030,val__barabasi_albert__small__idx0000__seed212026,0.18272405849657758
val,PPO,2030,val__barabasi_albert__small__idx0001__seed212027,0.17017630533963024
val,PPO,2030,val__barabasi_albert__small__idx0002__seed212028,0.12275595754041746
val,PPO,2030,val__barabasi_albert__medium__idx0000__seed213026,0.12791413933776186
val,PPO,2030,val__barabasi_albert__medium__idx0001__seed213027,0.08854678477564415
val,PPO,2030,val__barabasi_albert__medium__idx0002__seed213028,0.06981939533687687
val,PPO,2030,val__watts_strogatz__small__idx0000__seed222026,0.1504788527640022
val,PPO,2030,val__watts_strogatz__small__idx0001__seed222027,0.13078126459397466
val,PPO,2030,val__watts_strogatz__small__idx0002__seed222028,0.1573484166075393
val,PPO,2030,val__watts_strogatz__medium__idx0000__seed223026,0.12512901982985453
val,PPO,2030,val__watts_strogatz__medium__idx0001__seed223027,0.10829321954376925
val,PPO,2030,val__watts_strogatz__medium__idx0002__seed223028,0.12262465519551213
val,PPO,2030,val__tree__small__idx0000__seed232026,0.18277016766767074
val,PPO,2030,val__tree__small__idx0001__seed232027,0.1796315069641602
val,PPO,2030,val__tree__small__idx0002__seed232028,0.2114232354658545
val,PPO,2030,val__tree__medium__idx0000__seed233026,0.18366254308159924
val,PPO,2030,val__tree__medium__idx0001__seed233027,0.21113305966490237
val,PPO,2030,val__tree__medium__idx0002__seed233028,0.18418240396521768
val,PPO,2030,val__grid__small__idx0000__seed242026,0.2759631855414383
val,PPO,2030,val__grid__small__idx0001__seed242027,0.3586728447399969
val,PPO,2030,val__grid__small__idx0002__seed242028,0.3093788462691801
val,PPO,2030,val__grid__medium__idx0000__seed243026,0.20769942577110911
val,PPO,2030,val__grid__medium__idx0001__seed243027,0.17521916791210135
val,PPO,2030,val__grid__medium__idx0002__seed243028,0.289105171082485
test_seen,Default FR,2026,test_seen__erdos_renyi__small__idx0000__seed302026,0.20176707433332564
test_seen,Default FR,2026,test_seen__erdos_renyi__small__idx0001__seed302027,0.10066996059266231
test_seen,Default FR,2026,test_seen__erdos_renyi__small__idx0002__seed302028,0.12268467021089813
test_seen,Default FR,2026,test_seen__erdos_renyi__medium__idx0000__seed303026,0.11033047665006446
test_seen,Default FR,2026,test_seen__erdos_renyi__medium__idx0001__seed303027,0.14929913129187056
test_seen,Default FR,2026,test_seen__erdos_renyi__medium__idx0002__seed303028,0.09194208864571807
test_seen,Default FR,2026,test_seen__barabasi_albert__small__idx0000__seed312026,0.12297228651074549
test_seen,Default FR,2026,test_seen__barabasi_albert__small__idx0001__seed312027,0.11183595935730883
test_seen,Default FR,2026,test_seen__barabasi_albert__small__idx0002__seed312028,0.12631533861517918
test_seen,Default FR,2026,test_seen__barabasi_albert__medium__idx0000__seed313026,0.10675882678602233
test_seen,Default FR,2026,test_seen__barabasi_albert__medium__idx0001__seed313027,0.17638192798863916
test_seen,Default FR,2026,test_seen__barabasi_albert__medium__idx0002__seed313028,0.08642058540175224
test_seen,Default FR,2026,test_seen__watts_strogatz__small__idx0000__seed322026,0.17806810457087136
test_seen,Default FR,2026,test_seen__watts_strogatz__small__idx0001__seed322027,0.10733290533308171
test_seen,Default FR,2026,test_seen__watts_strogatz__small__idx0002__seed322028,0.1576840265411632
test_seen,Default FR,2026,test_seen__watts_strogatz__medium__idx0000__seed323026,0.1061892371010087
test_seen,Default FR,2026,test_seen__watts_strogatz__medium__idx0001__seed323027,0.12610705216192092
test_seen,Default FR,2026,test_seen__watts_strogatz__medium__idx0002__seed323028,0.10489224278375225
test_seen,Default FR,2026,test_seen__tree__small__idx0000__seed332026,0.22415713065043996
test_seen,Default FR,2026,test_seen__tree__small__idx0001__seed332027,0.20192100285234804
test_seen,Default FR,2026,test_seen__tree__small__idx0002__seed332028,0.29724893386140083
test_seen,Default FR,2026,test_seen__tree__medium__idx0000__seed333026,0.2622299205990849
test_seen,Default FR,2026,test_seen__tree__medium__idx0001__seed333027,0.22421352586739285
test_seen,Default FR,2026,test_seen__tree__medium__idx0002__seed333028,0.2370806177634328
test_seen,Default FR,2026,test_seen__grid__small__idx0000__seed342026,0.3165379648320571
test_seen,Default FR,2026,test_seen__grid__small__idx0001__seed342027,0.3020549546764213
test_seen,Default FR,2026,test_seen__grid__small__idx0002__seed342028,0.2517831292740772
test_seen,Default FR,2026,test_seen__grid__medium__idx0000__seed343026,0.288979176329787
test_seen,Default FR,2026,test_seen__grid__medium__idx0001__seed343027,0.28147949458247945
test_seen,Default FR,2026,test_seen__grid__medium__idx0002__seed343028,0.2467754540756979
test_seen,Random,2026,test_seen__erdos_renyi__small__idx0000__seed302026,0.20034736461354963
test_seen,Random,2026,test_seen__erdos_renyi__small__idx0001__seed302027,0.105241020661487
test_seen,Random,2026,test_seen__erdos_renyi__small__idx0002__seed302028,0.13808669125192363
test_seen,Random,2026,test_seen__erdos_renyi__medium__idx0000__seed303026,0.12527533575067795
test_seen,Random,2026,test_seen__erdos_renyi__medium__idx0001__seed303027,0.15676294757884002
test_seen,Random,2026,test_seen__erdos_renyi__medium__idx0002__seed303028,0.094942748329921
test_seen,Random,2026,test_seen__barabasi_albert__small__idx0000__seed312026,0.10791184906384294
test_seen,Random,2026,test_seen__barabasi_albert__small__idx0001__seed312027,0.09480588873812246
test_seen,Random,2026,test_seen__barabasi_albert__small__idx0002__seed312028,0.11599549958744515
test_seen,Random,2026,test_seen__barabasi_albert__medium__idx0000__seed313026,0.10287795591948679
test_seen,Random,2026,test_seen__barabasi_albert__medium__idx0001__seed313027,0.16781106782432198
test_seen,Random,2026,test_seen__barabasi_albert__medium__idx0002__seed313028,0.08218473488273159
test_seen,Random,2026,test_seen__watts_strogatz__small__idx0000__seed322026,0.15488817376494785
test_seen,Random,2026,test_seen__watts_strogatz__small__idx0001__seed322027,0.10387598294318068
test_seen,Random,2026,test_seen__watts_strogatz__small__idx0002__seed322028,0.1451757652083554
test_seen,Random,2026,test_seen__watts_strogatz__medium__idx0000__seed323026,0.11382815915584898
test_seen,Random,2026,test_seen__watts_strogatz__medium__idx0001__seed323027,0.1315422349247774
test_seen,Random,2026,test_seen__watts_strogatz__medium__idx0002__seed323028,0.11154130104772714
test_seen,Random,2026,test_seen__tree__small__idx0000__seed332026,0.23740674860394373
test_seen,Random,2026,test_seen__tree__small__idx0001__seed332027,0.15410950491129805
test_seen,Random,2026,test_seen__tree__small__idx0002__seed332028,0.324828612456479
test_seen,Random,2026,test_seen__tree__medium__idx0000__seed333026,0.23483188922439957
test_seen,Random,2026,test_seen__tree__medium__idx0001__seed333027,0.18877316536247613
test_seen,Random,2026,test_seen__tree__medium__idx0002__seed333028,0.2355473444601207
test_seen,Random,2026,test_seen__grid__small__idx0000__seed342026,0.3183787419499374
test_seen,Random,2026,test_seen__grid__small__idx0001__seed342027,0.25380077869745377
test_seen,Random,2026,test_seen__grid__small__idx0002__seed342028,0.2542407191349352
test_seen,Random,2026,test_seen__grid__medium__idx0000__seed343026,0.3321683421236392
test_seen,Random,2026,test_seen__grid__medium__idx0001__seed343027,0.2497064612476022
test_seen,Random,2026,test_seen__grid__medium__idx0002__seed343028,0.19809833328816162
test_seen,Best fixed,2026,test_seen__erdos_renyi__small__idx0000__seed302026,0.20062526999742247
test_seen,Best fixed,2026,test_seen__erdos_renyi__small__idx0001__seed302027,0.10775578901824412
test_seen,Best fixed,2026,test_seen__erdos_renyi__small__idx0002__seed302028,0.1354878066224765
test_seen,Best fixed,2026,test_seen__erdos_renyi__medium__idx0000__seed303026,0.11516526395770277
test_seen,Best fixed,2026,test_seen__erdos_renyi__medium__idx0001__seed303027,0.15659474246034022
test_seen,Best fixed,2026,test_seen__erdos_renyi__medium__idx0002__seed303028,0.08568243344428106
test_seen,Best fixed,2026,test_seen__barabasi_albert__small__idx0000__seed312026,0.12512579857044875
test_seen,Best fixed,2026,test_seen__barabasi_albert__small__idx0001__seed312027,0.10607122620828546
test_seen,Best fixed,2026,test_seen__barabasi_albert__small__idx0002__seed312028,0.12432760838259416
test_seen,Best fixed,2026,test_seen__barabasi_albert__medium__idx0000__seed313026,0.10495837690859344
test_seen,Best fixed,2026,test_seen__barabasi_albert__medium__idx0001__seed313027,0.16398544230841283
test_seen,Best fixed,2026,test_seen__barabasi_albert__medium__idx0002__seed313028,0.07745980006401898
test_seen,Best fixed,2026,test_seen__watts_strogatz__small__idx0000__seed322026,0.18060684366753738
test_seen,Best fixed,2026,test_seen__watts_strogatz__small__idx0001__seed322027,0.10750663038359343
test_seen,Best fixed,2026,test_seen__watts_strogatz__small__idx0002__seed322028,0.14617829579446118
test_seen,Best fixed,2026,test_seen__watts_strogatz__medium__idx0000__seed323026,0.09613570866975152
test_seen,Best fixed,2026,test_seen__watts_strogatz__medium__idx0001__seed323027,0.1283794723030544
test_seen,Best fixed,2026,test_seen__watts_strogatz__medium__idx0002__seed323028,0.1138040149136294
test_seen,Best fixed,2026,test_seen__tree__small__idx0000__seed332026,0.22332783142154078
test_seen,Best fixed,2026,test_seen__tree__small__idx0001__seed332027,0.18923792058550049
test_seen,Best fixed,2026,test_seen__tree__small__idx0002__seed332028,0.2933303402238303
test_seen,Best fixed,2026,test_seen__tree__medium__idx0000__seed333026,0.22815752146042179
test_seen,Best fixed,2026,test_seen__tree__medium__idx0001__seed333027,0.17212659298530097
test_seen,Best fixed,2026,test_seen__tree__medium__idx0002__seed333028,0.20474366745255357
test_seen,Best fixed,2026,test_seen__grid__small__idx0000__seed342026,0.3229281346273237
test_seen,Best fixed,2026,test_seen__grid__small__idx0001__seed342027,0.30702045003149736
test_seen,Best fixed,2026,test_seen__grid__small__idx0002__seed342028,0.25420863553611783
test_seen,Best fixed,2026,test_seen__grid__medium__idx0000__seed343026,0.3245806059774904
test_seen,Best fixed,2026,test_seen__grid__medium__idx0001__seed343027,0.29564211455980804
test_seen,Best fixed,2026,test_seen__grid__medium__idx0002__seed343028,0.31800562226488227
test_seen,PPO,2026,test_seen__erdos_renyi__small__idx0000__seed302026,0.2000472379468613
test_seen,PPO,2026,test_seen__erdos_renyi__small__idx0001__seed302027,0.11647439124843573
test_seen,PPO,2026,test_seen__erdos_renyi__small__idx0002__seed302028,0.1344962539718102
test_seen,PPO,2026,test_seen__erdos_renyi__medium__idx0000__seed303026,0.13373910556907775
test_seen,PPO,2026,test_seen__erdos_renyi__medium__idx0001__seed303027,0.15470937889340508
test_seen,PPO,2026,test_seen__erdos_renyi__medium__idx0002__seed303028,0.10388945036781827
test_seen,PPO,2026,test_seen__barabasi_albert__small__idx0000__seed312026,0.12368723107399698
test_seen,PPO,2026,test_seen__barabasi_albert__small__idx0001__seed312027,0.12028493797713558
test_seen,PPO,2026,test_seen__barabasi_albert__small__idx0002__seed312028,0.12786313107505443
test_seen,PPO,2026,test_seen__barabasi_albert__medium__idx0000__seed313026,0.11643694018296913
test_seen,PPO,2026,test_seen__barabasi_albert__medium__idx0001__seed313027,0.20098427994553958
test_seen,PPO,2026,test_seen__barabasi_albert__medium__idx0002__seed313028,0.09214321107086432
test_seen,PPO,2026,test_seen__watts_strogatz__small__idx0000__seed322026,0.18499242111937736
test_seen,PPO,2026,test_seen__watts_strogatz__small__idx0001__seed322027,0.10795626051711227
test_seen,PPO,2026,test_seen__watts_strogatz__small__idx0002__seed322028,0.15773713996421235
test_seen,PPO,2026,test_seen__watts_strogatz__medium__idx0000__seed323026,0.11868182190758358
test_seen,PPO,2026,test_seen__watts_strogatz__medium__idx0001__seed323027,0.1301468523641381
test_seen,PPO,2026,test_seen__watts_strogatz__medium__idx0002__seed323028,0.1162660991528533
test_seen,PPO,2026,test_seen__tree__small__idx0000__seed332026,0.24373681597208363
test_seen,PPO,2026,test_seen__tree__small__idx0001__seed332027,0.18805881097150245
test_seen,PPO,2026,test_seen__tree__small__idx0002__seed332028,0.31369313511826413
test_seen,PPO,2026,test_seen__tree__medium__idx0000__seed333026,0.262637861700163
test_seen,PPO,2026,test_seen__tree__medium__idx0001__seed333027,0.2285658286380663
test_seen,PPO,2026,test_seen__tree__medium__idx0002__seed333028,0.24763349125618117
test_seen,PPO,2026,test_seen__grid__small__idx0000__seed342026,0.33507179263223597
test_seen,PPO,2026,test_seen__grid__small__idx0001__seed342027,0.32376778187481103
test_seen,PPO,2026,test_seen__grid__small__idx0002__seed342028,0.274495408632925
test_seen,PPO,2026,test_seen__grid__medium__idx0000__seed343026,0.3318297411070925
test_seen,PPO,2026,test_seen__grid__medium__idx0001__seed343027,0.30356034432758616
test_seen,PPO,2026,test_seen__grid__medium__idx0002__seed343028,0.33273405913902665
test_seen,Default FR,2027,test_seen__erdos_renyi__small__idx0000__seed302026,0.18828136335275225
test_seen,Default FR,2027,test_seen__erdos_renyi__small__idx0001__seed302027,0.15706353585537214
test_seen,Default FR,2027,test_seen__erdos_renyi__small__idx0002__seed302028,0.12688850706981547
test_seen,Default FR,2027,test_seen__erdos_renyi__medium__idx0000__seed303026,0.11917141809743531
test_seen,Default FR,2027,test_seen__erdos_renyi__medium__idx0001__seed303027,0.10836763448247622
test_seen,Default FR,2027,test_seen__erdos_renyi__medium__idx0002__seed303028,0.06974453352147258
test_seen,Default FR,2027,test_seen__barabasi_albert__small__idx0000__seed312026,0.10746481728337931
test_seen,Default FR,2027,test_seen__barabasi_albert__small__idx0001__seed312027,0.06331178748877442
test_seen,Default FR,2027,test_seen__barabasi_albert__small__idx0002__seed312028,0.08027967185764995
test_seen,Default FR,2027,test_seen__barabasi_albert__medium__idx0000__seed313026,0.09999518438890975
test_seen,Default FR,2027,test_seen__barabasi_albert__medium__idx0001__seed313027,0.1746652430716561
test_seen,Default FR,2027,test_seen__barabasi_albert__medium__idx0002__seed313028,0.09121815192733679
test_seen,Default FR,2027,test_seen__watts_strogatz__small__idx0000__seed322026,0.1013951053052975
test_seen,Default FR,2027,test_seen__watts_strogatz__small__idx0001__seed322027,0.1807665226842622
test_seen,Default FR,2027,test_seen__watts_strogatz__small__idx0002__seed322028,0.14912469775714865
test_seen,Default FR,2027,test_seen__watts_strogatz__medium__idx0000__seed323026,0.13344036910215007
test_seen,Default FR,2027,test_seen__watts_strogatz__medium__idx0001__seed323027,0.11521309666808033
test_seen,Default FR,2027,test_seen__watts_strogatz__medium__idx0002__seed323028,0.12395266336832639
test_seen,Default FR,2027,test_seen__tree__small__idx0000__seed332026,0.17017017487131192
test_seen,Default FR,2027,test_seen__tree__small__idx0001__seed332027,0.24895016753205268
test_seen,Default FR,2027,test_seen__tree__small__idx0002__seed332028,0.2626301879096563
test_seen,Default FR,2027,test_seen__tree__medium__idx0000__seed333026,0.2012384621585963
test_seen,Default FR,2027,test_seen__tree__medium__idx0001__seed333027,0.2121279519781668
test_seen,Default FR,2027,test_seen__tree__medium__idx0002__seed333028,0.28944370033117456
test_seen,Default FR,2027,test_seen__grid__small__idx0000__seed342026,0.26941578685632495
test_seen,Default FR,2027,test_seen__grid__small__idx0001__seed342027,0.2827371717003766
test_seen,Default FR,2027,test_seen__grid__small__idx0002__seed342028,0.326060212584365
test_seen,Default FR,2027,test_seen__grid__medium__idx0000__seed343026,0.25230876034513816
test_seen,Default FR,2027,test_seen__grid__medium__idx0001__seed343027,0.17868385577408963
test_seen,Default FR,2027,test_seen__grid__medium__idx0002__seed343028,0.24958505073230908
test_seen,Random,2027,test_seen__erdos_renyi__small__idx0000__seed302026,0.18534971300295233
test_seen,Random,2027,test_seen__erdos_renyi__small__idx0001__seed302027,0.15671669262293797
test_seen,Random,2027,test_seen__erdos_renyi__small__idx0002__seed302028,0.15048920061007365
test_seen,Random,2027,test_seen__erdos_renyi__medium__idx0000__seed303026,0.12042948030254602
test_seen,Random,2027,test_seen__erdos_renyi__medium__idx0001__seed303027,0.10855614386177403
test_seen,Random,2027,test_seen__erdos_renyi__medium__idx0002__seed303028,0.058896762522293034
test_seen,Random,2027,test_seen__barabasi_albert__small__idx0000__seed312026,0.09010741685156021
test_seen,Random,2027,test_seen__barabasi_albert__small__idx0001__seed312027,0.06484256080539119
test_seen,Random,2027,test_seen__barabasi_albert__small__idx0002__seed312028,0.08926322395668573
test_seen,Random,2027,test_seen__barabasi_albert__medium__idx0000__seed313026,0.10120994438802722
test_seen,Random,2027,test_seen__barabasi_albert__medium__idx0001__seed313027,0.14677386489531186
test_seen,Random,2027,test_seen__barabasi_albert__medium__idx0002__seed313028,0.09308205472373049
test_seen,Random,2027,test_seen__watts_strogatz__small__idx0000__seed322026,0.09519358202113426
test_seen,Random,2027,test_seen__watts_strogatz__small__idx0001__seed322027,0.1814021980500381
test_seen,Random,2027,test_seen__watts_strogatz__small__idx0002__seed322028,0.15165852800768442
test_seen,Random,2027,test_seen__watts_strogatz__medium__idx0000__seed323026,0.12191839308048524
test_seen,Random,2027,test_seen__watts_strogatz__medium__idx0001__seed323027,0.12001405044620672
test_seen,Random,2027,test_seen__watts_strogatz__medium__idx0002__seed323028,0.12275680059465305
test_seen,Random,2027,test_seen__tree__small__idx0000__seed332026,0.17152958682449992
test_seen,Random,2027,test_seen__tree__small__idx0001__seed332027,0.2515874655666659
test_seen,Random,2027,test_seen__tree__small__idx0002__seed332028,0.26268892612570527
test_seen,Random,2027,test_seen__tree__medium__idx0000__seed333026,0.21052999497008462
test_seen,Random,2027,test_seen__tree__medium__idx0001__seed333027,0.18117252815902807
test_seen,Random,2027,test_seen__tree__medium__idx0002__seed333028,0.28895808649679183
test_seen,Random,2027,test_seen__grid__small__idx0000__seed342026,0.2762769751700205
test_seen,Random,2027,test_seen__grid__small__idx0001__seed342027,0.264113000635558
test_seen,Random,2027,test_seen__grid__small__idx0002__seed342028,0.32670943319696955
test_seen,Random,2027,test_seen__grid__medium__idx0000__seed343026,0.21461807239607178
test_seen,Random,2027,test_seen__grid__medium__idx0001__seed343027,0.20028193711436826
test_seen,Random,2027,test_seen__grid__medium__idx0002__seed343028,0.2513470949042357
test_seen,Best fixed,2027,test_seen__erdos_renyi__small__idx0000__seed302026,0.18143728754464516
test_seen,Best fixed,2027,test_seen__erdos_renyi__small__idx0001__seed302027,0.1495904525851316
test_seen,Best fixed,2027,test_seen__erdos_renyi__small__idx0002__seed302028,0.1453020872148043
test_seen,Best fixed,2027,test_seen__erdos_renyi__medium__idx0000__seed303026,0.11344622234544527
test_seen,Best fixed,2027,test_seen__erdos_renyi__medium__idx0001__seed303027,0.10274650691508802
test_seen,Best fixed,2027,test_seen__erdos_renyi__medium__idx0002__seed303028,0.0595464792853293
test_seen,Best fixed,2027,test_seen__barabasi_albert__small__idx0000__seed312026,0.10294178851358371
test_seen,Best fixed,2027,test_seen__barabasi_albert__small__idx0001__seed312027,0.06681232113593716
test_seen,Best fixed,2027,test_seen__barabasi_albert__small__idx0002__seed312028,0.1015915807859824
test_seen,Best fixed,2027,test_seen__barabasi_albert__medium__idx0000__seed313026,0.10172295468601611
test_seen,Best fixed,2027,test_seen__barabasi_albert__medium__idx0001__seed313027,0.1549933083376992
test_seen,Best fixed,2027,test_seen__barabasi_albert__medium__idx0002__seed313028,0.08636342925625023
test_seen,Best fixed,2027,test_seen__watts_strogatz__small__idx0000__seed322026,0.09262251906034313
test_seen,Best fixed,2027,test_seen__watts_strogatz__small__idx0001__seed322027,0.19273862375045858
test_seen,Best fixed,2027,test_seen__watts_strogatz__small__idx0002__seed322028,0.14852160474199683
test_seen,Best fixed,2027,test_seen__watts_strogatz__medium__idx0000__seed323026,0.12230743873676497
test_seen,Best fixed,2027,test_seen__watts_strogatz__medium__idx0001__seed323027,0.11255856080111803
test_seen,Best fixed,2027,test_seen__watts_strogatz__medium__idx0002__seed323028,0.1285681705383978
test_seen,Best fixed,2027,test_seen__tree__small__idx0000__seed332026,0.16855279968238235
test_seen,Best fixed,2027,test_seen__tree__small__idx0001__seed332027,0.24861774253018254
test_seen,Best fixed,2027,test_seen__tree__small__idx0002__seed332028,0.25945144980666734
test_seen,Best fixed,2027,test_seen__tree__medium__idx0000__seed333026,0.19949880056783809
test_seen,Best fixed,2027,test_seen__tree__medium__idx0001__seed333027,0.1651724455728083
test_seen,Best fixed,2027,test_seen__tree__medium__idx0002__seed333028,0.28499318975431326
test_seen,Best fixed,2027,test_seen__grid__small__idx0000__seed342026,0.2771641398773187
test_seen,Best fixed,2027,test_seen__grid__small__idx0001__seed342027,0.2803571851203617
test_seen,Best fixed,2027,test_seen__grid__small__idx0002__seed342028,0.33047842524370463
test_seen,Best fixed,2027,test_seen__grid__medium__idx0000__seed343026,0.2864502544151527
test_seen,Best fixed,2027,test_seen__grid__medium__idx0001__seed343027,0.2706189496606829
test_seen,Best fixed,2027,test_seen__grid__medium__idx0002__seed343028,0.3288536763843428
test_seen,PPO,2027,test_seen__erdos_renyi__small__idx0000__seed302026,0.17161816034680155
test_seen,PPO,2027,test_seen__erdos_renyi__small__idx0001__seed302027,0.17501290840001538
test_seen,PPO,2027,test_seen__erdos_renyi__small__idx0002__seed302028,0.14693037006024368
test_seen,PPO,2027,test_seen__erdos_renyi__medium__idx0000__seed303026,0.1332699075705686
test_seen,PPO,2027,test_seen__erdos_renyi__medium__idx0001__seed303027,0.11738998903924236
test_seen,PPO,2027,test_seen__erdos_renyi__medium__idx0002__seed303028,0.07915285420565354
test_seen,PPO,2027,test_seen__barabasi_albert__small__idx0000__seed312026,0.1244559562509372
test_seen,PPO,2027,test_seen__barabasi_albert__small__idx0001__seed312027,0.07535612995618712
test_seen,PPO,2027,test_seen__barabasi_albert__small__idx0002__seed312028,0.10624664003566797
test_seen,PPO,2027,test_seen__barabasi_albert__medium__idx0000__seed313026,0.10060719799817408
test_seen,PPO,2027,test_seen__barabasi_albert__medium__idx0001__seed313027,0.20194119628861662
test_seen,PPO,2027,test_seen__barabasi_albert__medium__idx0002__seed313028,0.09861125264056686
test_seen,PPO,2027,test_seen__watts_strogatz__small__idx0000__seed322026,0.09957862623116565
test_seen,PPO,2027,test_seen__watts_strogatz__small__idx0001__seed322027,0.18327003533220865
test_seen,PPO,2027,test_seen__watts_strogatz__small__idx0002__seed322028,0.13761384235229046
test_seen,PPO,2027,test_seen__watts_strogatz__medium__idx0000__seed323026,0.13430978961907658
test_seen,PPO,2027,test_seen__watts_strogatz__medium__idx0001__seed323027,0.12374508460103051
test_seen,PPO,2027,test_seen__watts_strogatz__medium__idx0002__seed323028,0.13593983882176303
test_seen,PPO,2027,test_seen__tree__small__idx0000__seed332026,0.18792384395165374
test_seen,PPO,2027,test_seen__tree__small__idx0001__seed332027,0.2692760240910933
test_seen,PPO,2027,test_seen__tree__small__idx0002__seed332028,0.2648109753688149
test_seen,PPO,2027,test_seen__tree__medium__idx0000__seed333026,0.20683712864674264
test_seen,PPO,2027,test_seen__tree__medium__idx0001__seed333027,0.2107349748777555
test_seen,PPO,2027,test_seen__tree__medium__idx0002__seed333028,0.28044892557058426
test_seen,PPO,2027,test_seen__grid__small__idx0000__seed342026,0.2696090927850622
test_seen,PPO,2027,test_seen__grid__small__idx0001__seed342027,0.2966584601515141
test_seen,PPO,2027,test_seen__grid__small__idx0002__seed342028,0.34135463271271593
test_seen,PPO,2027,test_seen__grid__medium__idx0000__seed343026,0.2957411945276396
test_seen,PPO,2027,test_seen__grid__medium__idx0001__seed343027,0.21529524552327683
test_seen,PPO,2027,test_seen__grid__medium__idx0002__seed343028,0.34631842188609874
test_seen,Default FR,2028,test_seen__erdos_renyi__small__idx0000__seed302026,0.14765563732040188
test_seen,Default FR,2028,test_seen__erdos_renyi__small__idx0001__seed302027,0.14598622272626982
test_seen,Default FR,2028,test_seen__erdos_renyi__small__idx0002__seed302028,0.13793050983953092
test_seen,Default FR,2028,test_seen__erdos_renyi__medium__idx0000__seed303026,0.08058701368497845
test_seen,Default FR,2028,test_seen__erdos_renyi__medium__idx0001__seed303027,0.11366871254811961
test_seen,Default FR,2028,test_seen__erdos_renyi__medium__idx0002__seed303028,0.12532533651036537
test_seen,Default FR,2028,test_seen__barabasi_albert__small__idx0000__seed312026,0.057972506057483386
test_seen,Default FR,2028,test_seen__barabasi_albert__small__idx0001__seed312027,0.12552647185964366
test_seen,Default FR,2028,test_seen__barabasi_albert__small__idx0002__seed312028,0.24806808782373913
test_seen,Default FR,2028,test_seen__barabasi_albert__medium__idx0000__seed313026,0.12286421222160143
test_seen,Default FR,2028,test_seen__barabasi_albert__medium__idx0001__seed313027,0.22766356002115468
test_seen,Default FR,2028,test_seen__barabasi_albert__medium__idx0002__seed313028,0.0904433082200044
test_seen,Default FR,2028,test_seen__watts_strogatz__small__idx0000__seed322026,0.21385990156701695
test_seen,Default FR,2028,test_seen__watts_strogatz__small__idx0001__seed322027,0.14856849700585978
test_seen,Default FR,2028,test_seen__watts_strogatz__small__idx0002__seed322028,0.1456590780941478
test_seen,Default FR,2028,test_seen__watts_strogatz__medium__idx0000__seed323026,0.07545473007826375
test_seen,Default FR,2028,test_seen__watts_strogatz__medium__idx0001__seed323027,0.11110311605830447
test_seen,Default FR,2028,test_seen__watts_strogatz__medium__idx0002__seed323028,0.10753205832322943
test_seen,Default FR,2028,test_seen__tree__small__idx0000__seed332026,0.20721501127789843
test_seen,Default FR,2028,test_seen__tree__small__idx0001__seed332027,0.20304243056149596
test_seen,Default FR,2028,test_seen__tree__small__idx0002__seed332028,0.28397159810877415
test_seen,Default FR,2028,test_seen__tree__medium__idx0000__seed333026,0.21874265721239794
test_seen,Default FR,2028,test_seen__tree__medium__idx0001__seed333027,0.22558896615526547
test_seen,Default FR,2028,test_seen__tree__medium__idx0002__seed333028,0.23554410516046886
test_seen,Default FR,2028,test_seen__grid__small__idx0000__seed342026,0.29713762619414286
test_seen,Default FR,2028,test_seen__grid__small__idx0001__seed342027,0.2241290717284945
test_seen,Default FR,2028,test_seen__grid__small__idx0002__seed342028,0.207985652459325
test_seen,Default FR,2028,test_seen__grid__medium__idx0000__seed343026,0.2599025081181934
test_seen,Default FR,2028,test_seen__grid__medium__idx0001__seed343027,0.2536103081570332
test_seen,Default FR,2028,test_seen__grid__medium__idx0002__seed343028,0.18846049182480118
test_seen,Random,2028,test_seen__erdos_renyi__small__idx0000__seed302026,0.12524839031145507
test_seen,Random,2028,test_seen__erdos_renyi__small__idx0001__seed302027,0.15952733019749388
test_seen,Random,2028,test_seen__erdos_renyi__small__idx0002__seed302028,0.14761553121340187
test_seen,Random,2028,test_seen__erdos_renyi__medium__idx0000__seed303026,0.10301550089611478
test_seen,Random,2028,test_seen__erdos_renyi__medium__idx0001__seed303027,0.1101642676832213
test_seen,Random,2028,test_seen__erdos_renyi__medium__idx0002__seed303028,0.1580870340154612
test_seen,Random,2028,test_seen__barabasi_albert__small__idx0000__seed312026,0.05539496242474051
test_seen,Random,2028,test_seen__barabasi_albert__small__idx0001__seed312027,0.12800645346259815
test_seen,Random,2028,test_seen__barabasi_albert__small__idx0002__seed312028,0.23891447891881312
test_seen,Random,2028,test_seen__barabasi_albert__medium__idx0000__seed313026,0.11918663935251911
test_seen,Random,2028,test_seen__barabasi_albert__medium__idx0001__seed313027,0.22173705157528573
test_seen,Random,2028,test_seen__barabasi_albert__medium__idx0002__seed313028,0.0789914935832669
test_seen,Random,2028,test_seen__watts_strogatz__small__idx0000__seed322026,0.21484862331550436
test_seen,Random,2028,test_seen__watts_strogatz__small__idx0001__seed322027,0.14994926248802937
test_seen,Random,2028,test_seen__watts_strogatz__small__idx0002__seed322028,0.146944988364204
test_seen,Random,2028,test_seen__watts_strogatz__medium__idx0000__seed323026,0.07986835646642976
test_seen,Random,2028,test_seen__watts_strogatz__medium__idx0001__seed323027,0.10824144120689194
test_seen,Random,2028,test_seen__watts_strogatz__medium__idx0002__seed323028,0.11590100536015813
test_seen,Random,2028,test_seen__tree__small__idx0000__seed332026,0.20811191603792123
test_seen,Random,2028,test_seen__tree__small__idx0001__seed332027,0.17096623046844428
test_seen,Random,2028,test_seen__tree__small__idx0002__seed332028,0.2851345745290558
test_seen,Random,2028,test_seen__tree__medium__idx0000__seed333026,0.20022341693750045
test_seen,Random,2028,test_seen__tree__medium__idx0001__seed333027,0.2262265181053228
test_seen,Random,2028,test_seen__tree__medium__idx0002__seed333028,0.242110896620505
test_seen,Random,2028,test_seen__grid__small__idx0000__seed342026,0.2761769138248946
test_seen,Random,2028,test_seen__grid__small__idx0001__seed342027,0.22319742485170213
test_seen,Random,2028,test_seen__grid__small__idx0002__seed342028,0.20784847851893706
test_seen,Random,2028,test_seen__grid__medium__idx0000__seed343026,0.30400242665194066
test_seen,Random,2028,test_seen__grid__medium__idx0001__seed343027,0.30890707560893826
test_seen,Random,2028,test_seen__grid__medium__idx0002__seed343028,0.291299670772985
test_seen,Best fixed,2028,test_seen__erdos_renyi__small__idx0000__seed302026,0.14900437878389727
test_seen,Best fixed,2028,test_seen__erdos_renyi__small__idx0001__seed302027,0.14997129222311756
test_seen,Best fixed,2028,test_seen__erdos_renyi__small__idx0002__seed302028,0.13533388021556858
test_seen,Best fixed,2028,test_seen__erdos_renyi__medium__idx0000__seed303026,0.0983092144490989
test_seen,Best fixed,2028,test_seen__erdos_renyi__medium__idx0001__seed303027,0.10260562445671961
test_seen,Best fixed,2028,test_seen__erdos_renyi__medium__idx0002__seed303028,0.12509896251118158
test_seen,Best fixed,2028,test_seen__barabasi_albert__small__idx0000__seed312026,0.0665823781849263
test_seen,Best fixed,2028,test_seen__barabasi_albert__small__idx0001__seed312027,0.13301818610746058
test_seen,Best fixed,2028,test_seen__barabasi_albert__small__idx0002__seed312028,0.2587597851760135
test_seen,Best fixed,2028,test_seen__barabasi_albert__medium__idx0000__seed313026,0.12130451808685844
test_seen,Best fixed,2028,test_seen__barabasi_albert__medium__idx0001__seed313027,0.22369765689804294
test_seen,Best fixed,2028,test_seen__barabasi_albert__medium__idx0002__seed313028,0.08020851581524419
test_seen,Best fixed,2028,test_seen__watts_strogatz__small__idx0000__seed322026,0.2171310673930924
test_seen,Best fixed,2028,test_seen__watts_strogatz__small__idx0001__seed322027,0.14893036004379573
test_seen,Best fixed,2028,test_seen__watts_strogatz__small__idx0002__seed322028,0.14991720143114096
test_seen,Best fixed,2028,test_seen__watts_strogatz__medium__idx0000__seed323026,0.08881234967476148
test_seen,Best fixed,2028,test_seen__watts_strogatz__medium__idx0001__seed323027,0.10761771777892015
test_seen,Best fixed,2028,test_seen__watts_strogatz__medium__idx0002__seed323028,0.11275815341984674
test_seen,Best fixed,2028,test_seen__tree__small__idx0000__seed332026,0.2055408343100552
test_seen,Best fixed,2028,test_seen__tree__small__idx0001__seed332027,0.20077756067852093
test_seen,Best fixed,2028,test_seen__tree__small__idx0002__seed332028,0.27078452080745685
test_seen,Best fixed,2028,test_seen__tree__medium__idx0000__seed333026,0.18845184319417785
test_seen,Best fixed,2028,test_seen__tree__medium__idx0001__seed333027,0.18974457446930815
test_seen,Best fixed,2028,test_seen__tree__medium__idx0002__seed333028,0.20976898772740848
test_seen,Best fixed,2028,test_seen__grid__small__idx0000__seed342026,0.3146938747545883
test_seen,Best fixed,2028,test_seen__grid__small__idx0001__seed342027,0.23020719045095583
test_seen,Best fixed,2028,test_seen__grid__small__idx0002__seed342028,0.20017072666265856
test_seen,Best fixed,2028,test_seen__grid__medium__idx0000__seed343026,0.2993719542727288
test_seen,Best fixed,2028,test_seen__grid__medium__idx0001__seed343027,0.3112981417040378
test_seen,Best fixed,2028,test_seen__grid__medium__idx0002__seed343028,0.24244631497634261
test_seen,PPO,2028,test_seen__erdos_renyi__small__idx0000__seed302026,0.14286009352667328
test_seen,PPO,2028,test_seen__erdos_renyi__small__idx0001__seed302027,0.15062283332872217
test_seen,PPO,2028,test_seen__erdos_renyi__small__idx0002__seed302028,0.14683481495476025
test_seen,PPO,2028,test_seen__erdos_renyi__medium__idx0000__seed303026,0.10371232099208638
test_seen,PPO,2028,test_seen__erdos_renyi__medium__idx0001__seed303027,0.12610114748687495
test_seen,PPO,2028,test_seen__erdos_renyi__medium__idx0002__seed303028,0.14333615809204536
test_seen,PPO,2028,test_seen__barabasi_albert__small__idx0000__seed312026,0.053800038794702076
test_seen,PPO,2028,test_seen__barabasi_albert__small__idx0001__seed312027,0.12808441983401525
test_seen,PPO,2028,test_seen__barabasi_albert__small__idx0002__seed312028,0.2613135118576593
test_seen,PPO,2028,test_seen__barabasi_albert__medium__idx0000__seed313026,0.12249642699454893
test_seen,PPO,2028,test_seen__barabasi_albert__medium__idx0001__seed313027,0.28791443881943796
test_seen,PPO,2028,test_seen__barabasi_albert__medium__idx0002__seed313028,0.09761937413178173
test_seen,PPO,2028,test_seen__watts_strogatz__small__idx0000__seed322026,0.21422776026143597
test_seen,PPO,2028,test_seen__watts_strogatz__small__idx0001__seed322027,0.1450022159156515
test_seen,PPO,2028,test_seen__watts_strogatz__small__idx0002__seed322028,0.1513246571767669
test_seen,PPO,2028,test_seen__watts_strogatz__medium__idx0000__seed323026,0.0902948341771227
test_seen,PPO,2028,test_seen__watts_strogatz__medium__idx0001__seed323027,0.10971478341806085
test_seen,PPO,2028,test_seen__watts_strogatz__medium__idx0002__seed323028,0.11910390196734999
test_seen,PPO,2028,test_seen__tree__small__idx0000__seed332026,0.2238387585288124
test_seen,PPO,2028,test_seen__tree__small__idx0001__seed332027,0.20456849853282189
test_seen,PPO,2028,test_seen__tree__small__idx0002__seed332028,0.2674778478835499
test_seen,PPO,2028,test_seen__tree__medium__idx0000__seed333026,0.2295576277418574
test_seen,PPO,2028,test_seen__tree__medium__idx0001__seed333027,0.2349398016074542
test_seen,PPO,2028,test_seen__tree__medium__idx0002__seed333028,0.23996860494688932
test_seen,PPO,2028,test_seen__grid__small__idx0000__seed342026,0.3151756037055452
test_seen,PPO,2028,test_seen__grid__small__idx0001__seed342027,0.2264626692018873
test_seen,PPO,2028,test_seen__grid__small__idx0002__seed342028,0.21260087101473224
test_seen,PPO,2028,test_seen__grid__medium__idx0000__seed343026,0.30365309344408686
test_seen,PPO,2028,test_seen__grid__medium__idx0001__seed343027,0.31526094797619164
test_seen,PPO,2028,test_seen__grid__medium__idx0002__seed343028,0.2800454419991635
test_seen,Default FR,2029,test_seen__erdos_renyi__small__idx0000__seed302026,0.13689283046052153
test_seen,Default FR,2029,test_seen__erdos_renyi__small__idx0001__seed302027,0.11081523588777831
test_seen,Default FR,2029,test_seen__erdos_renyi__small__idx0002__seed302028,0.11774424669658479
test_seen,Default FR,2029,test_seen__erdos_renyi__medium__idx0000__seed303026,0.12340567191035856
test_seen,Default FR,2029,test_seen__erdos_renyi__medium__idx0001__seed303027,0.11399232034912582
test_seen,Default FR,2029,test_seen__erdos_renyi__medium__idx0002__seed303028,0.1103600581591887
test_seen,Default FR,2029,test_seen__barabasi_albert__small__idx0000__seed312026,0.11500057105071443
test_seen,Default FR,2029,test_seen__barabasi_albert__small__idx0001__seed312027,0.14214083838286862
test_seen,Default FR,2029,test_seen__barabasi_albert__small__idx0002__seed312028,0.1893409564858829
test_seen,Default FR,2029,test_seen__barabasi_albert__medium__idx0000__seed313026,0.10206283386630866
test_seen,Default FR,2029,test_seen__barabasi_albert__medium__idx0001__seed313027,0.20302679486391506
test_seen,Default FR,2029,test_seen__barabasi_albert__medium__idx0002__seed313028,0.08003597453578903
test_seen,Default FR,2029,test_seen__watts_strogatz__small__idx0000__seed322026,0.12465253682475258
test_seen,Default FR,2029,test_seen__watts_strogatz__small__idx0001__seed322027,0.14444724058755098
test_seen,Default FR,2029,test_seen__watts_strogatz__small__idx0002__seed322028,0.10655586554936591
test_seen,Default FR,2029,test_seen__watts_strogatz__medium__idx0000__seed323026,0.1121430580005427
test_seen,Default FR,2029,test_seen__watts_strogatz__medium__idx0001__seed323027,0.12072413028047901
test_seen,Default FR,2029,test_seen__watts_strogatz__medium__idx0002__seed323028,0.11794503025655523
test_seen,Default FR,2029,test_seen__tree__small__idx0000__seed332026,0.22514574477246319
test_seen,Default FR,2029,test_seen__tree__small__idx0001__seed332027,0.2142749321346965
test_seen,Default FR,2029,test_seen__tree__small__idx0002__seed332028,0.3328318183325588
test_seen,Default FR,2029,test_seen__tree__medium__idx0000__seed333026,0.21249109472689298
test_seen,Default FR,2029,test_seen__tree__medium__idx0001__seed333027,0.19207522596147608
test_seen,Default FR,2029,test_seen__tree__medium__idx0002__seed333028,0.19010048438422444
test_seen,Default FR,2029,test_seen__grid__small__idx0000__seed342026,0.20548613761993817
test_seen,Default FR,2029,test_seen__grid__small__idx0001__seed342027,0.19823204110577552
test_seen,Default FR,2029,test_seen__grid__small__idx0002__seed342028,0.2314811854821054
test_seen,Default FR,2029,test_seen__grid__medium__idx0000__seed343026,0.2802124842458035
test_seen,Default FR,2029,test_seen__grid__medium__idx0001__seed343027,0.30596026637474827
test_seen,Default FR,2029,test_seen__grid__medium__idx0002__seed343028,0.2044973759422658
test_seen,Random,2029,test_seen__erdos_renyi__small__idx0000__seed302026,0.17505811835667157
test_seen,Random,2029,test_seen__erdos_renyi__small__idx0001__seed302027,0.1538146935157927
test_seen,Random,2029,test_seen__erdos_renyi__small__idx0002__seed302028,0.11386831120572838
test_seen,Random,2029,test_seen__erdos_renyi__medium__idx0000__seed303026,0.10175663145957914
test_seen,Random,2029,test_seen__erdos_renyi__medium__idx0001__seed303027,0.11321776953869372
test_seen,Random,2029,test_seen__erdos_renyi__medium__idx0002__seed303028,0.10819946368879718
test_seen,Random,2029,test_seen__barabasi_albert__small__idx0000__seed312026,0.11581440437788298
test_seen,Random,2029,test_seen__barabasi_albert__small__idx0001__seed312027,0.135182910648721
test_seen,Random,2029,test_seen__barabasi_albert__small__idx0002__seed312028,0.182212594912615
test_seen,Random,2029,test_seen__barabasi_albert__medium__idx0000__seed313026,0.1014255592573563
test_seen,Random,2029,test_seen__barabasi_albert__medium__idx0001__seed313027,0.18009068450059673
test_seen,Random,2029,test_seen__barabasi_albert__medium__idx0002__seed313028,0.049562284385054056
test_seen,Random,2029,test_seen__watts_strogatz__small__idx0000__seed322026,0.136044042181719
test_seen,Random,2029,test_seen__watts_strogatz__small__idx0001__seed322027,0.15629997966087583
test_seen,Random,2029,test_seen__watts_strogatz__small__idx0002__seed322028,0.10343929966597709
test_seen,Random,2029,test_seen__watts_strogatz__medium__idx0000__seed323026,0.13039049737877917
test_seen,Random,2029,test_seen__watts_strogatz__medium__idx0001__seed323027,0.09291320848538454
test_seen,Random,2029,test_seen__watts_strogatz__medium__idx0002__seed323028,0.1184020266247715
test_seen,Random,2029,test_seen__tree__small__idx0000__seed332026,0.22953445386737226
test_seen,Random,2029,test_seen__tree__small__idx0001__seed332027,0.22463379861300703
test_seen,Random,2029,test_seen__tree__small__idx0002__seed332028,0.3309018844161984
test_seen,Random,2029,test_seen__tree__medium__idx0000__seed333026,0.20814723160525284
test_seen,Random,2029,test_seen__tree__medium__idx0001__seed333027,0.19219842629091588
test_seen,Random,2029,test_seen__tree__medium__idx0002__seed333028,0.17282666910438604
test_seen,Random,2029,test_seen__grid__small__idx0000__seed342026,0.2064350611273259
test_seen,Random,2029,test_seen__grid__small__idx0001__seed342027,0.18564187435279056
test_seen,Random,2029,test_seen__grid__small__idx0002__seed342028,0.2370850773159674
test_seen,Random,2029,test_seen__grid__medium__idx0000__seed343026,0.18525806899152586
test_seen,Random,2029,test_seen__grid__medium__idx0001__seed343027,0.2601472694680128
test_seen,Random,2029,test_seen__grid__medium__idx0002__seed343028,0.14803231041329956
test_seen,Best fixed,2029,test_seen__erdos_renyi__small__idx0000__seed302026,0.14647879959798854
test_seen,Best fixed,2029,test_seen__erdos_renyi__small__idx0001__seed302027,0.11417440298079506
test_seen,Best fixed,2029,test_seen__erdos_renyi__small__idx0002__seed302028,0.11858879396227406
test_seen,Best fixed,2029,test_seen__erdos_renyi__medium__idx0000__seed303026,0.10730192689939055
test_seen,Best fixed,2029,test_seen__erdos_renyi__medium__idx0001__seed303027,0.1144050481001681
test_seen,Best fixed,2029,test_seen__erdos_renyi__medium__idx0002__seed303028,0.1057171409952824
test_seen,Best fixed,2029,test_seen__barabasi_albert__small__idx0000__seed312026,0.11486235212263912
test_seen,Best fixed,2029,test_seen__barabasi_albert__small__idx0001__seed312027,0.13985885080637817
test_seen,Best fixed,2029,test_seen__barabasi_albert__small__idx0002__seed312028,0.19459583707852857
test_seen,Best fixed,2029,test_seen__barabasi_albert__medium__idx0000__seed313026,0.09806470313279025
test_seen,Best fixed,2029,test_seen__barabasi_albert__medium__idx0001__seed313027,0.19097328902632194
test_seen,Best fixed,2029,test_seen__barabasi_albert__medium__idx0002__seed313028,0.06232506610428612
test_seen,Best fixed,2029,test_seen__watts_strogatz__small__idx0000__seed322026,0.11412987594321594
test_seen,Best fixed,2029,test_seen__watts_strogatz__small__idx0001__seed322027,0.14796929996205077
test_seen,Best fixed,2029,test_seen__watts_strogatz__small__idx0002__seed322028,0.09418671180854854
test_seen,Best fixed,2029,test_seen__watts_strogatz__medium__idx0000__seed323026,0.11514732494279989
test_seen,Best fixed,2029,test_seen__watts_strogatz__medium__idx0001__seed323027,0.10867268013347287
test_seen,Best fixed,2029,test_seen__watts_strogatz__medium__idx0002__seed323028,0.11236609321728774
test_seen,Best fixed,2029,test_seen__tree__small__idx0000__seed332026,0.2273377650545496
test_seen,Best fixed,2029,test_seen__tree__small__idx0001__seed332027,0.20940577296701346
test_seen,Best fixed,2029,test_seen__tree__small__idx0002__seed332028,0.31870577539923106
test_seen,Best fixed,2029,test_seen__tree__medium__idx0000__seed333026,0.19689518638134573
test_seen,Best fixed,2029,test_seen__tree__medium__idx0001__seed333027,0.17643683547682953
test_seen,Best fixed,2029,test_seen__tree__medium__idx0002__seed333028,0.1664402652542576
test_seen,Best fixed,2029,test_seen__grid__small__idx0000__seed342026,0.2845878345834576
test_seen,Best fixed,2029,test_seen__grid__small__idx0001__seed342027,0.1967669210710432
test_seen,Best fixed,2029,test_seen__grid__small__idx0002__seed342028,0.23429330204470744
test_seen,Best fixed,2029,test_seen__grid__medium__idx0000__seed343026,0.3490824090609549
test_seen,Best fixed,2029,test_seen__grid__medium__idx0001__seed343027,0.3047629729344222
test_seen,Best fixed,2029,test_seen__grid__medium__idx0002__seed343028,0.3046313383352902
test_seen,PPO,2029,test_seen__erdos_renyi__small__idx0000__seed302026,0.17111595841768162
test_seen,PPO,2029,test_seen__erdos_renyi__small__idx0001__seed302027,0.13156139585008764
test_seen,PPO,2029,test_seen__erdos_renyi__small__idx0002__seed302028,0.12346687016657365
test_seen,PPO,2029,test_seen__erdos_renyi__medium__idx0000__seed303026,0.13453902985491506
test_seen,PPO,2029,test_seen__erdos_renyi__medium__idx0001__seed303027,0.13863052272004
test_seen,PPO,2029,test_seen__erdos_renyi__medium__idx0002__seed303028,0.13020567520124937
test_seen,PPO,2029,test_seen__barabasi_albert__small__idx0000__seed312026,0.12175186585888514
test_seen,PPO,2029,test_seen__barabasi_albert__small__idx0001__seed312027,0.1490119923067169
test_seen,PPO,2029,test_seen__barabasi_albert__small__idx0002__seed312028,0.20152577851119202
test_seen,PPO,2029,test_seen__barabasi_albert__medium__idx0000__seed313026,0.10549643442382062
test_seen,PPO,2029,test_seen__barabasi_albert__medium__idx0001__seed313027,0.21113263919872305
test_seen,PPO,2029,test_seen__barabasi_albert__medium__idx0002__seed313028,0.07284460497593015
test_seen,PPO,2029,test_seen__watts_strogatz__small__idx0000__seed322026,0.13093991772975971
test_seen,PPO,2029,test_seen__watts_strogatz__small__idx0001__seed322027,0.1421193950903321
test_seen,PPO,2029,test_seen__watts_strogatz__small__idx0002__seed322028,0.100213717741515
test_seen,PPO,2029,test_seen__watts_strogatz__medium__idx0000__seed323026,0.13658146060962273
test_seen,PPO,2029,test_seen__watts_strogatz__medium__idx0001__seed323027,0.11995178797192729
test_seen,PPO,2029,test_seen__watts_strogatz__medium__idx0002__seed323028,0.1278001964859209
test_seen,PPO,2029,test_seen__tree__small__idx0000__seed332026,0.23893085363910227
test_seen,PPO,2029,test_seen__tree__small__idx0001__seed332027,0.21692388027910747
test_seen,PPO,2029,test_seen__tree__small__idx0002__seed332028,0.29703466775530296
test_seen,PPO,2029,test_seen__tree__medium__idx0000__seed333026,0.23957128641741843
test_seen,PPO,2029,test_seen__tree__medium__idx0001__seed333027,0.21378744309515196
test_seen,PPO,2029,test_seen__tree__medium__idx0002__seed333028,0.20741356984841008
test_seen,PPO,2029,test_seen__grid__small__idx0000__seed342026,0.2609353006372588
test_seen,PPO,2029,test_seen__grid__small__idx0001__seed342027,0.2041591198120628
test_seen,PPO,2029,test_seen__grid__small__idx0002__seed342028,0.24016992540707804
test_seen,PPO,2029,test_seen__grid__medium__idx0000__seed343026,0.3483987390347002
test_seen,PPO,2029,test_seen__grid__medium__idx0001__seed343027,0.3111014328690991
test_seen,PPO,2029,test_seen__grid__medium__idx0002__seed343028,0.31049878696491495
test_seen,Default FR,2030,test_seen__erdos_renyi__small__idx0000__seed302026,0.23733454416938998
test_seen,Default FR,2030,test_seen__erdos_renyi__small__idx0001__seed302027,0.13284663633356308
test_seen,Default FR,2030,test_seen__erdos_renyi__small__idx0002__seed302028,0.1564600257949017
test_seen,Default FR,2030,test_seen__erdos_renyi__medium__idx0000__seed303026,0.11249656858572166
test_seen,Default FR,2030,test_seen__erdos_renyi__medium__idx0001__seed303027,0.1421952220302909
test_seen,Default FR,2030,test_seen__erdos_renyi__medium__idx0002__seed303028,0.11686422565808319
test_seen,Default FR,2030,test_seen__barabasi_albert__small__idx0000__seed312026,0.13419784243664523
test_seen,Default FR,2030,test_seen__barabasi_albert__small__idx0001__seed312027,0.11360417475008733
test_seen,Default FR,2030,test_seen__barabasi_albert__small__idx0002__seed312028,0.17696591530285688
test_seen,Default FR,2030,test_seen__barabasi_albert__medium__idx0000__seed313026,0.08349930596212107
test_seen,Default FR,2030,test_seen__barabasi_albert__medium__idx0001__seed313027,0.17231098744958684
test_seen,Default FR,2030,test_seen__barabasi_albert__medium__idx0002__seed313028,0.09612681868313278
test_seen,Default FR,2030,test_seen__watts_strogatz__small__idx0000__seed322026,0.14239182230589775
test_seen,Default FR,2030,test_seen__watts_strogatz__small__idx0001__seed322027,0.1457522286218529
test_seen,Default FR,2030,test_seen__watts_strogatz__small__idx0002__seed322028,0.14842288953515576
test_seen,Default FR,2030,test_seen__watts_strogatz__medium__idx0000__seed323026,0.10097296725068283
test_seen,Default FR,2030,test_seen__watts_strogatz__medium__idx0001__seed323027,0.10599092238660274
test_seen,Default FR,2030,test_seen__watts_strogatz__medium__idx0002__seed323028,0.10426513424360612
test_seen,Default FR,2030,test_seen__tree__small__idx0000__seed332026,0.2631571655436584
test_seen,Default FR,2030,test_seen__tree__small__idx0001__seed332027,0.15209942485031036
test_seen,Default FR,2030,test_seen__tree__small__idx0002__seed332028,0.23741489131288196
test_seen,Default FR,2030,test_seen__tree__medium__idx0000__seed333026,0.17748909909222443
test_seen,Default FR,2030,test_seen__tree__medium__idx0001__seed333027,0.1923324792919271
test_seen,Default FR,2030,test_seen__tree__medium__idx0002__seed333028,0.16118457282962972
test_seen,Default FR,2030,test_seen__grid__small__idx0000__seed342026,0.2705631739376839
test_seen,Default FR,2030,test_seen__grid__small__idx0001__seed342027,0.21384314592777365
test_seen,Default FR,2030,test_seen__grid__small__idx0002__seed342028,0.24516228164681098
test_seen,Default FR,2030,test_seen__grid__medium__idx0000__seed343026,0.1849326356975427
test_seen,Default FR,2030,test_seen__grid__medium__idx0001__seed343027,0.22744072035340823
test_seen,Default FR,2030,test_seen__grid__medium__idx0002__seed343028,0.17445175681167902
test_seen,Random,2030,test_seen__erdos_renyi__small__idx0000__seed302026,0.23579484543796098
test_seen,Random,2030,test_seen__erdos_renyi__small__idx0001__seed302027,0.1399684579267132
test_seen,Random,2030,test_seen__erdos_renyi__small__idx0002__seed302028,0.15979243801518084
test_seen,Random,2030,test_seen__erdos_renyi__medium__idx0000__seed303026,0.11510372058504592
test_seen,Random,2030,test_seen__erdos_renyi__medium__idx0001__seed303027,0.13794905343596842
test_seen,Random,2030,test_seen__erdos_renyi__medium__idx0002__seed303028,0.13659634883372163
test_seen,Random,2030,test_seen__barabasi_albert__small__idx0000__seed312026,0.1390134068739458
test_seen,Random,2030,test_seen__barabasi_albert__small__idx0001__seed312027,0.10464800046538825
test_seen,Random,2030,test_seen__barabasi_albert__small__idx0002__seed312028,0.16575771371689196
test_seen,Random,2030,test_seen__barabasi_albert__medium__idx0000__seed313026,0.09690777202815859
test_seen,Random,2030,test_seen__barabasi_albert__medium__idx0001__seed313027,0.18363122253805597
test_seen,Random,2030,test_seen__barabasi_albert__medium__idx0002__seed313028,0.09200078053083394
test_seen,Random,2030,test_seen__watts_strogatz__small__idx0000__seed322026,0.1404354105534935
test_seen,Random,2030,test_seen__watts_strogatz__small__idx0001__seed322027,0.14529806874465678
test_seen,Random,2030,test_seen__watts_strogatz__small__idx0002__seed322028,0.15152608084191949
test_seen,Random,2030,test_seen__watts_strogatz__medium__idx0000__seed323026,0.12814922969322518
test_seen,Random,2030,test_seen__watts_strogatz__medium__idx0001__seed323027,0.10074735173468546
test_seen,Random,2030,test_seen__watts_strogatz__medium__idx0002__seed323028,0.11430157603813368
test_seen,Random,2030,test_seen__tree__small__idx0000__seed332026,0.26762186951537736
test_seen,Random,2030,test_seen__tree__small__idx0001__seed332027,0.15708397616931136
test_seen,Random,2030,test_seen__tree__small__idx0002__seed332028,0.2644562293577335
test_seen,Random,2030,test_seen__tree__medium__idx0000__seed333026,0.1802708521862716
test_seen,Random,2030,test_seen__tree__medium__idx0001__seed333027,0.1899343043898476
test_seen,Random,2030,test_seen__tree__medium__idx0002__seed333028,0.16593665853858475
test_seen,Random,2030,test_seen__grid__small__idx0000__seed342026,0.27642800027111314
test_seen,Random,2030,test_seen__grid__small__idx0001__seed342027,0.21395041884826616
test_seen,Random,2030,test_seen__grid__small__idx0002__seed342028,0.2440917732553024
test_seen,Random,2030,test_seen__grid__medium__idx0000__seed343026,0.2426079126755447
test_seen,Random,2030,test_seen__grid__medium__idx0001__seed343027,0.2435059363612403
test_seen,Random,2030,test_seen__grid__medium__idx0002__seed343028,0.17606551154711458
test_seen,Best fixed,2030,test_seen__erdos_renyi__small__idx0000__seed302026,0.24445010712008725
test_seen,Best fixed,2030,test_seen__erdos_renyi__small__idx0001__seed302027,0.1294326824682226
test_seen,Best fixed,2030,test_seen__erdos_renyi__small__idx0002__seed302028,0.14805591129546292
test_seen,Best fixed,2030,test_seen__erdos_renyi__medium__idx0000__seed303026,0.11714562083452351
test_seen,Best fixed,2030,test_seen__erdos_renyi__medium__idx0001__seed303027,0.14398678215174976
test_seen,Best fixed,2030,test_seen__erdos_renyi__medium__idx0002__seed303028,0.13650246940656685
test_seen,Best fixed,2030,test_seen__barabasi_albert__small__idx0000__seed312026,0.13323541156743535
test_seen,Best fixed,2030,test_seen__barabasi_albert__small__idx0001__seed312027,0.14264789451588944
test_seen,Best fixed,2030,test_seen__barabasi_albert__small__idx0002__seed312028,0.17905505174225056
test_seen,Best fixed,2030,test_seen__barabasi_albert__medium__idx0000__seed313026,0.08536754104470112
test_seen,Best fixed,2030,test_seen__barabasi_albert__medium__idx0001__seed313027,0.17161437543076052
test_seen,Best fixed,2030,test_seen__barabasi_albert__medium__idx0002__seed313028,0.08696716201208732
test_seen,Best fixed,2030,test_seen__watts_strogatz__small__idx0000__seed322026,0.14214901549750247
test_seen,Best fixed,2030,test_seen__watts_strogatz__small__idx0001__seed322027,0.14974199772841457
test_seen,Best fixed,2030,test_seen__watts_strogatz__small__idx0002__seed322028,0.13926407992119866
test_seen,Best fixed,2030,test_seen__watts_strogatz__medium__idx0000__seed323026,0.11826184989179034
test_seen,Best fixed,2030,test_seen__watts_strogatz__medium__idx0001__seed323027,0.09742815249463782
test_seen,Best fixed,2030,test_seen__watts_strogatz__medium__idx0002__seed323028,0.11011343147269975
test_seen,Best fixed,2030,test_seen__tree__small__idx0000__seed332026,0.27072319745358475
test_seen,Best fixed,2030,test_seen__tree__small__idx0001__seed332027,0.13519221619151878
test_seen,Best fixed,2030,test_seen__tree__small__idx0002__seed332028,0.2863775121934605
test_seen,Best fixed,2030,test_seen__tree__medium__idx0000__seed333026,0.16518755356616732
test_seen,Best fixed,2030,test_seen__tree__medium__idx0001__seed333027,0.1810889841484542
test_seen,Best fixed,2030,test_seen__tree__medium__idx0002__seed333028,0.13466695141002338
test_seen,Best fixed,2030,test_seen__grid__small__idx0000__seed342026,0.2740688039943635
test_seen,Best fixed,2030,test_seen__grid__small__idx0001__seed342027,0.22014982972268649
test_seen,Best fixed,2030,test_seen__grid__small__idx0002__seed342028,0.25280296779472156
test_seen,Best fixed,2030,test_seen__grid__medium__idx0000__seed343026,0.17477204815497482
test_seen,Best fixed,2030,test_seen__grid__medium__idx0001__seed343027,0.31209649977179577
test_seen,Best fixed,2030,test_seen__grid__medium__idx0002__seed343028,0.2892528776141884
test_seen,PPO,2030,test_seen__erdos_renyi__small__idx0000__seed302026,0.23733454416938998
test_seen,PPO,2030,test_seen__erdos_renyi__small__idx0001__seed302027,0.1435561331023708
test_seen,PPO,2030,test_seen__erdos_renyi__small__idx0002__seed302028,0.15049506849125616
test_seen,PPO,2030,test_seen__erdos_renyi__medium__idx0000__seed303026,0.1301970702402767
test_seen,PPO,2030,test_seen__erdos_renyi__medium__idx0001__seed303027,0.15211048517091696
test_seen,PPO,2030,test_seen__erdos_renyi__medium__idx0002__seed303028,0.13410443890652335
test_seen,PPO,2030,test_seen__barabasi_albert__small__idx0000__seed312026,0.14296392865147234
test_seen,PPO,2030,test_seen__barabasi_albert__small__idx0001__seed312027,0.11367913970606502
test_seen,PPO,2030,test_seen__barabasi_albert__small__idx0002__seed312028,0.1807847364171573
test_seen,PPO,2030,test_seen__barabasi_albert__medium__idx0000__seed313026,0.09048531348041144
test_seen,PPO,2030,test_seen__barabasi_albert__medium__idx0001__seed313027,0.18770446200945445
test_seen,PPO,2030,test_seen__barabasi_albert__medium__idx0002__seed313028,0.09693950391301365
test_seen,PPO,2030,test_seen__watts_strogatz__small__idx0000__seed322026,0.13744122604816011
test_seen,PPO,2030,test_seen__watts_strogatz__small__idx0001__seed322027,0.1484639616597171
test_seen,PPO,2030,test_seen__watts_strogatz__small__idx0002__seed322028,0.14948787317812323
test_seen,PPO,2030,test_seen__watts_strogatz__medium__idx0000__seed323026,0.12785170669484458
test_seen,PPO,2030,test_seen__watts_strogatz__medium__idx0001__seed323027,0.10488239569411478
test_seen,PPO,2030,test_seen__watts_strogatz__medium__idx0002__seed323028,0.11222068692759574
test_seen,PPO,2030,test_seen__tree__small__idx0000__seed332026,0.26580789033401
test_seen,PPO,2030,test_seen__tree__small__idx0001__seed332027,0.1747100732378728
test_seen,PPO,2030,test_seen__tree__small__idx0002__seed332028,0.23922689022547183
test_seen,PPO,2030,test_seen__tree__medium__idx0000__seed333026,0.17447927260265883
test_seen,PPO,2030,test_seen__tree__medium__idx0001__seed333027,0.20407472885553768
test_seen,PPO,2030,test_seen__tree__medium__idx0002__seed333028,0.19666188999529233
test_seen,PPO,2030,test_seen__grid__small__idx0000__seed342026,0.2759631855414383
test_seen,PPO,2030,test_seen__grid__small__idx0001__seed342027,0.2111941754325114
test_seen,PPO,2030,test_seen__grid__small__idx0002__seed342028,0.23867833858424137
test_seen,PPO,2030,test_seen__grid__medium__idx0000__seed343026,0.2904881363020213
test_seen,PPO,2030,test_seen__grid__medium__idx0001__seed343027,0.31297498278350877
test_seen,PPO,2030,test_seen__grid__medium__idx0002__seed343028,0.20650908416486047
test_unseen_size,Default FR,2026,test_unseen_size__erdos_renyi__large__idx0000__seed402026,0.12570765187630634
test_unseen_size,Default FR,2026,test_unseen_size__erdos_renyi__large__idx0001__seed402027,0.11112235212399729
test_unseen_size,Default FR,2026,test_unseen_size__erdos_renyi__large__idx0002__seed402028,0.10647034753091822
test_unseen_size,Default FR,2026,test_unseen_size__barabasi_albert__large__idx0000__seed412026,0.09813981161581264
test_unseen_size,Default FR,2026,test_unseen_size__barabasi_albert__large__idx0001__seed412027,0.1369676077375359
test_unseen_size,Default FR,2026,test_unseen_size__barabasi_albert__large__idx0002__seed412028,0.14484930810681196
test_unseen_size,Default FR,2026,test_unseen_size__watts_strogatz__large__idx0000__seed422026,0.10069241679734708
test_unseen_size,Default FR,2026,test_unseen_size__watts_strogatz__large__idx0001__seed422027,0.25713610367468476
test_unseen_size,Default FR,2026,test_unseen_size__watts_strogatz__large__idx0002__seed422028,0.08884812612947873
test_unseen_size,Default FR,2026,test_unseen_size__tree__large__idx0000__seed432026,0.22174509853117874
test_unseen_size,Default FR,2026,test_unseen_size__tree__large__idx0001__seed432027,0.1824625919686611
test_unseen_size,Default FR,2026,test_unseen_size__tree__large__idx0002__seed432028,0.21001064334483877
test_unseen_size,Default FR,2026,test_unseen_size__grid__large__idx0000__seed442026,0.20994653160884974
test_unseen_size,Default FR,2026,test_unseen_size__grid__large__idx0001__seed442027,0.2238237506757681
test_unseen_size,Default FR,2026,test_unseen_size__grid__large__idx0002__seed442028,0.14259884324094008
test_unseen_size,Default FR,2026,test_unseen_size__bipartite__large__idx0000__seed452026,0.10975763389921694
test_unseen_size,Default FR,2026,test_unseen_size__bipartite__large__idx0001__seed452027,0.0849558401872273
test_unseen_size,Default FR,2026,test_unseen_size__bipartite__large__idx0002__seed452028,0.10950181214748445
test_unseen_size,Default FR,2026,test_unseen_size__erdos_renyi__large__idx0000__seed402026,0.11969026836614144
test_unseen_size,Default FR,2026,test_unseen_size__erdos_renyi__large__idx0001__seed402027,0.0990372797374639
test_unseen_size,Default FR,2026,test_unseen_size__erdos_renyi__large__idx0002__seed402028,0.09048891005398063
test_unseen_size,Default FR,2026,test_unseen_size__barabasi_albert__large__idx0000__seed412026,0.0891834958672898
test_unseen_size,Default FR,2026,test_unseen_size__barabasi_albert__large__idx0001__seed412027,0.15288150297062264
test_unseen_size,Default FR,2026,test_unseen_size__barabasi_albert__large__idx0002__seed412028,0.14153457256658103
test_unseen_size,Default FR,2026,test_unseen_size__watts_strogatz__large__idx0000__seed422026,0.08782582875559969
test_unseen_size,Default FR,2026,test_unseen_size__watts_strogatz__large__idx0001__seed422027,0.26010980232408987
test_unseen_size,Default FR,2026,test_unseen_size__watts_strogatz__large__idx0002__seed422028,0.09376333577719409
test_unseen_size,Default FR,2026,test_unseen_size__tree__large__idx0000__seed432026,0.20255740554077295
test_unseen_size,Default FR,2026,test_unseen_size__tree__large__idx0001__seed432027,0.19087463526474358
test_unseen_size,Default FR,2026,test_unseen_size__tree__large__idx0002__seed432028,0.20246889336580054
test_unseen_size,Random,2026,test_unseen_size__erdos_renyi__large__idx0000__seed402026,0.12106777191290113
test_unseen_size,Random,2026,test_unseen_size__erdos_renyi__large__idx0001__seed402027,0.11534205860144758
test_unseen_size,Random,2026,test_unseen_size__erdos_renyi__large__idx0002__seed402028,0.12041157527739688
test_unseen_size,Random,2026,test_unseen_size__barabasi_albert__large__idx0000__seed412026,0.08141901013413755
test_unseen_size,Random,2026,test_unseen_size__barabasi_albert__large__idx0001__seed412027,0.13111819796653124
test_unseen_size,Random,2026,test_unseen_size__barabasi_albert__large__idx0002__seed412028,0.11779084940991413
test_unseen_size,Random,2026,test_unseen_size__watts_strogatz__large__idx0000__seed422026,0.07584841763336392
test_unseen_size,Random,2026,test_unseen_size__watts_strogatz__large__idx0001__seed422027,0.24130146644390027
test_unseen_size,Random,2026,test_unseen_size__watts_strogatz__large__idx0002__seed422028,0.09535971228876944
test_unseen_size,Random,2026,test_unseen_size__tree__large__idx0000__seed432026,0.2210215892395322
test_unseen_size,Random,2026,test_unseen_size__tree__large__idx0001__seed432027,0.18020988429427331
test_unseen_size,Random,2026,test_unseen_size__tree__large__idx0002__seed432028,0.20209668445071227
test_unseen_size,Random,2026,test_unseen_size__grid__large__idx0000__seed442026,0.2066264660740495
test_unseen_size,Random,2026,test_unseen_size__grid__large__idx0001__seed442027,0.21693299891677997
test_unseen_size,Random,2026,test_unseen_size__grid__large__idx0002__seed442028,0.22312351105500094
test_unseen_size,Random,2026,test_unseen_size__bipartite__large__idx0000__seed452026,0.08186219462285776
test_unseen_size,Random,2026,test_unseen_size__bipartite__large__idx0001__seed452027,0.08348525724088512
test_unseen_size,Random,2026,test_unseen_size__bipartite__large__idx0002__seed452028,0.10807542808267934
test_unseen_size,Random,2026,test_unseen_size__erdos_renyi__large__idx0000__seed402026,0.1277780881083534
test_unseen_size,Random,2026,test_unseen_size__erdos_renyi__large__idx0001__seed402027,0.09623643322661235
test_unseen_size,Random,2026,test_unseen_size__erdos_renyi__large__idx0002__seed402028,0.08371805164352575
test_unseen_size,Random,2026,test_unseen_size__barabasi_albert__large__idx0000__seed412026,0.09196421455624504
test_unseen_size,Random,2026,test_unseen_size__barabasi_albert__large__idx0001__seed412027,0.14840924817620627
test_unseen_size,Random,2026,test_unseen_size__barabasi_albert__large__idx0002__seed412028,0.1466972239131909
test_unseen_size,Random,2026,test_unseen_size__watts_strogatz__large__idx0000__seed422026,0.09022095837503069
test_unseen_size,Random,2026,test_unseen_size__watts_strogatz__large__idx0001__seed422027,0.25730236664195505
test_unseen_size,Random,2026,test_unseen_size__watts_strogatz__large__idx0002__seed422028,0.08293740727613963
test_unseen_size,Random,2026,test_unseen_size__tree__large__idx0000__seed432026,0.1913182493100306
test_unseen_size,Random,2026,test_unseen_size__tree__large__idx0001__seed432027,0.1831413341522945
test_unseen_size,Random,2026,test_unseen_size__tree__large__idx0002__seed432028,0.21407954078626823
test_unseen_size,Best fixed,2026,test_unseen_size__erdos_renyi__large__idx0000__seed402026,0.1268211398490156
test_unseen_size,Best fixed,2026,test_unseen_size__erdos_renyi__large__idx0001__seed402027,0.11293693227757112
test_unseen_size,Best fixed,2026,test_unseen_size__erdos_renyi__large__idx0002__seed402028,0.10942076997616357
test_unseen_size,Best fixed,2026,test_unseen_size__barabasi_albert__large__idx0000__seed412026,0.09520821123220291
test_unseen_size,Best fixed,2026,test_unseen_size__barabasi_albert__large__idx0001__seed412027,0.11437715452388098
test_unseen_size,Best fixed,2026,test_unseen_size__barabasi_albert__large__idx0002__seed412028,0.1676056874480154
test_unseen_size,Best fixed,2026,test_unseen_size__watts_strogatz__large__idx0000__seed422026,0.09438800497890254
test_unseen_size,Best fixed,2026,test_unseen_size__watts_strogatz__large__idx0001__seed422027,0.2345579627171106
test_unseen_size,Best fixed,2026,test_unseen_size__watts_strogatz__large__idx0002__seed422028,0.0944453080165612
test_unseen_size,Best fixed,2026,test_unseen_size__tree__large__idx0000__seed432026,0.22059124362344162
test_unseen_size,Best fixed,2026,test_unseen_size__tree__large__idx0001__seed432027,0.19614155720311754
test_unseen_size,Best fixed,2026,test_unseen_size__tree__large__idx0002__seed432028,0.217965555873465
test_unseen_size,Best fixed,2026,test_unseen_size__grid__large__idx0000__seed442026,0.1886324973392785
test_unseen_size,Best fixed,2026,test_unseen_size__grid__large__idx0001__seed442027,0.18634360306069087
test_unseen_size,Best fixed,2026,test_unseen_size__grid__large__idx0002__seed442028,0.18428450650387884
test_unseen_size,Best fixed,2026,test_unseen_size__bipartite__large__idx0000__seed452026,0.11845105080918267
test_unseen_size,Best fixed,2026,test_unseen_size__bipartite__large__idx0001__seed452027,0.09125597607420882
test_unseen_size,Best fixed,2026,test_unseen_size__bipartite__large__idx0002__seed452028,0.11246741267213123
test_unseen_size,Best fixed,2026,test_unseen_size__erdos_renyi__large__idx0000__seed402026,0.12491054761334847
test_unseen_size,Best fixed,2026,test_unseen_size__erdos_renyi__large__idx0001__seed402027,0.09756297573547812
test_unseen_size,Best fixed,2026,test_unseen_size__erdos_renyi__large__idx0002__seed402028,0.1067440344545536
test_unseen_size,Best fixed,2026,test_unseen_size__barabasi_albert__large__idx0000__seed412026,0.0899781783911745
test_unseen_size,Best fixed,2026,test_unseen_size__barabasi_albert__large__idx0001__seed412027,0.144919412502169
test_unseen_size,Best fixed,2026,test_unseen_size__barabasi_albert__large__idx0002__seed412028,0.18760287874885112
test_unseen_size,Best fixed,2026,test_unseen_size__watts_strogatz__large__idx0000__seed422026,0.09643895990874313
test_unseen_size,Best fixed,2026,test_unseen_size__watts_strogatz__large__idx0001__seed422027,0.231077722239853
test_unseen_size,Best fixed,2026,test_unseen_size__watts_strogatz__large__idx0002__seed422028,0.0961561255755764
test_unseen_size,Best fixed,2026,test_unseen_size__tree__large__idx0000__seed432026,0.19080404634007753
test_unseen_size,Best fixed,2026,test_unseen_size__tree__large__idx0001__seed432027,0.19217304160604565
test_unseen_size,Best fixed,2026,test_unseen_size__tree__large__idx0002__seed432028,0.21819666032519458
test_unseen_size,PPO,2026,test_unseen_size__erdos_renyi__large__idx0000__seed402026,0.13448856958075678
test_unseen_size,PPO,2026,test_unseen_size__erdos_renyi__large__idx0001__seed402027,0.126170748748132
test_unseen_size,PPO,2026,test_unseen_size__erdos_renyi__large__idx0002__seed402028,0.11402815085067308
test_unseen_size,PPO,2026,test_unseen_size__barabasi_albert__large__idx0000__seed412026,0.09160837507931474
test_unseen_size,PPO,2026,test_unseen_size__barabasi_albert__large__idx0001__seed412027,0.12454998014808816
test_unseen_size,PPO,2026,test_unseen_size__barabasi_albert__large__idx0002__seed412028,0.15311427105611353
test_unseen_size,PPO,2026,test_unseen_size__watts_strogatz__large__idx0000__seed422026,0.10849326286680916
test_unseen_size,PPO,2026,test_unseen_size__watts_strogatz__large__idx0001__seed422027,0.2500064079015124
test_unseen_size,PPO,2026,test_unseen_size__watts_strogatz__large__idx0002__seed422028,0.09533529837934501
test_unseen_size,PPO,2026,test_unseen_size__tree__large__idx0000__seed432026,0.2348054685850084
test_unseen_size,PPO,2026,test_unseen_size__tree__large__idx0001__seed432027,0.20526075110871356
test_unseen_size,PPO,2026,test_unseen_size__tree__large__idx0002__seed432028,0.2068336369138788
test_unseen_size,PPO,2026,test_unseen_size__grid__large__idx0000__seed442026,0.3039672051569688
test_unseen_size,PPO,2026,test_unseen_size__grid__large__idx0001__seed442027,0.2035782403490085
test_unseen_size,PPO,2026,test_unseen_size__grid__large__idx0002__seed442028,0.2806119181964579
test_unseen_size,PPO,2026,test_unseen_size__bipartite__large__idx0000__seed452026,0.12320919688329074
test_unseen_size,PPO,2026,test_unseen_size__bipartite__large__idx0001__seed452027,0.09067984333946183
test_unseen_size,PPO,2026,test_unseen_size__bipartite__large__idx0002__seed452028,0.11162450324890327
test_unseen_size,PPO,2026,test_unseen_size__erdos_renyi__large__idx0000__seed402026,0.12468543900156487
test_unseen_size,PPO,2026,test_unseen_size__erdos_renyi__large__idx0001__seed402027,0.10523685833226892
test_unseen_size,PPO,2026,test_unseen_size__erdos_renyi__large__idx0002__seed402028,0.10578134946599438
test_unseen_size,PPO,2026,test_unseen_size__barabasi_albert__large__idx0000__seed412026,0.09287414289235307
test_unseen_size,PPO,2026,test_unseen_size__barabasi_albert__large__idx0001__seed412027,0.1589772337634099
test_unseen_size,PPO,2026,test_unseen_size__barabasi_albert__large__idx0002__seed412028,0.18244799965808606
test_unseen_size,PPO,2026,test_unseen_size__watts_strogatz__large__idx0000__seed422026,0.09982618964518802
test_unseen_size,PPO,2026,test_unseen_size__watts_strogatz__large__idx0001__seed422027,0.27777607358033674
test_unseen_size,PPO,2026,test_unseen_size__watts_strogatz__large__idx0002__seed422028,0.09722905882237265
test_unseen_size,PPO,2026,test_unseen_size__tree__large__idx0000__seed432026,0.1991803548984239
test_unseen_size,PPO,2026,test_unseen_size__tree__large__idx0001__seed432027,0.2032975972750729
test_unseen_size,PPO,2026,test_unseen_size__tree__large__idx0002__seed432028,0.20284177229409095
test_unseen_size,Default FR,2027,test_unseen_size__erdos_renyi__large__idx0000__seed402026,0.11350578217636087
test_unseen_size,Default FR,2027,test_unseen_size__erdos_renyi__large__idx0001__seed402027,0.12255965389350942
test_unseen_size,Default FR,2027,test_unseen_size__erdos_renyi__large__idx0002__seed402028,0.10537481575519964
test_unseen_size,Default FR,2027,test_unseen_size__barabasi_albert__large__idx0000__seed412026,0.11488891490794773
test_unseen_size,Default FR,2027,test_unseen_size__barabasi_albert__large__idx0001__seed412027,0.14256591910843974
test_unseen_size,Default FR,2027,test_unseen_size__barabasi_albert__large__idx0002__seed412028,0.13783465360976543
test_unseen_size,Default FR,2027,test_unseen_size__watts_strogatz__large__idx0000__seed422026,0.09759590573789567
test_unseen_size,Default FR,2027,test_unseen_size__watts_strogatz__large__idx0001__seed422027,0.22312381667771264
test_unseen_size,Default FR,2027,test_unseen_size__watts_strogatz__large__idx0002__seed422028,0.10110155876235083
test_unseen_size,Default FR,2027,test_unseen_size__tree__large__idx0000__seed432026,0.2141994262935748
test_unseen_size,Default FR,2027,test_unseen_size__tree__large__idx0001__seed432027,0.1778878526044707
test_unseen_size,Default FR,2027,test_unseen_size__tree__large__idx0002__seed432028,0.1608661942044285
test_unseen_size,Default FR,2027,test_unseen_size__grid__large__idx0000__seed442026,0.21938397812956711
test_unseen_size,Default FR,2027,test_unseen_size__grid__large__idx0001__seed442027,0.2460062525522302
test_unseen_size,Default FR,2027,test_unseen_size__grid__large__idx0002__seed442028,0.21203373287679284
test_unseen_size,Default FR,2027,test_unseen_size__bipartite__large__idx0000__seed452026,0.11011075190062558
test_unseen_size,Default FR,2027,test_unseen_size__bipartite__large__idx0001__seed452027,0.09827320588828259
test_unseen_size,Default FR,2027,test_unseen_size__bipartite__large__idx0002__seed452028,0.10238010090369287
test_unseen_size,Default FR,2027,test_unseen_size__erdos_renyi__large__idx0000__seed402026,0.09929726806113953
test_unseen_size,Default FR,2027,test_unseen_size__erdos_renyi__large__idx0001__seed402027,0.09965620925324542
test_unseen_size,Default FR,2027,test_unseen_size__erdos_renyi__large__idx0002__seed402028,0.07418907656017742
test_unseen_size,Default FR,2027,test_unseen_size__barabasi_albert__large__idx0000__seed412026,0.09487383763780832
test_unseen_size,Default FR,2027,test_unseen_size__barabasi_albert__large__idx0001__seed412027,0.12477333332631402
test_unseen_size,Default FR,2027,test_unseen_size__barabasi_albert__large__idx0002__seed412028,0.18440176204888797
test_unseen_size,Default FR,2027,test_unseen_size__watts_strogatz__large__idx0000__seed422026,0.09384561030515559
test_unseen_size,Default FR,2027,test_unseen_size__watts_strogatz__large__idx0001__seed422027,0.21930973437870527
test_unseen_size,Default FR,2027,test_unseen_size__watts_strogatz__large__idx0002__seed422028,0.09081814782190756
test_unseen_size,Default FR,2027,test_unseen_size__tree__large__idx0000__seed432026,0.21885545642138282
test_unseen_size,Default FR,2027,test_unseen_size__tree__large__idx0001__seed432027,0.19834792185297478
test_unseen_size,Default FR,2027,test_unseen_size__tree__large__idx0002__seed432028,0.20780108196702596
test_unseen_size,Random,2027,test_unseen_size__erdos_renyi__large__idx0000__seed402026,0.08421914700994071
test_unseen_size,Random,2027,test_unseen_size__erdos_renyi__large__idx0001__seed402027,0.10984387463303669
test_unseen_size,Random,2027,test_unseen_size__erdos_renyi__large__idx0002__seed402028,0.0927549658775993
test_unseen_size,Random,2027,test_unseen_size__barabasi_albert__large__idx0000__seed412026,0.10851597038887384
test_unseen_size,Random,2027,test_unseen_size__barabasi_albert__large__idx0001__seed412027,0.13493999636094267
test_unseen_size,Random,2027,test_unseen_size__barabasi_albert__large__idx0002__seed412028,0.11342826695295039
test_unseen_size,Random,2027,test_unseen_size__watts_strogatz__large__idx0000__seed422026,0.08988534144294402
test_unseen_size,Random,2027,test_unseen_size__watts_strogatz__large__idx0001__seed422027,0.2030270200068286
test_unseen_size,Random,2027,test_unseen_size__watts_strogatz__large__idx0002__seed422028,0.10050416435421583
test_unseen_size,Random,2027,test_unseen_size__tree__large__idx0000__seed432026,0.19922360482719526
test_unseen_size,Random,2027,test_unseen_size__tree__large__idx0001__seed432027,0.18735905737976344
test_unseen_size,Random,2027,test_unseen_size__tree__large__idx0002__seed432028,0.16838030779499713
test_unseen_size,Random,2027,test_unseen_size__grid__large__idx0000__seed442026,0.24362766081308984
test_unseen_size,Random,2027,test_unseen_size__grid__large__idx0001__seed442027,0.18554214003733405
test_unseen_size,Random,2027,test_unseen_size__grid__large__idx0002__seed442028,0.20951553305031134
test_unseen_size,Random,2027,test_unseen_size__bipartite__large__idx0000__seed452026,0.12095892552723397
test_unseen_size,Random,2027,test_unseen_size__bipartite__large__idx0001__seed452027,0.09747130324766662
test_unseen_size,Random,2027,test_unseen_size__bipartite__large__idx0002__seed452028,0.03342750866946892
test_unseen_size,Random,2027,test_unseen_size__erdos_renyi__large__idx0000__seed402026,0.08874434269213033
test_unseen_size,Random,2027,test_unseen_size__erdos_renyi__large__idx0001__seed402027,0.09727623346229991
test_unseen_size,Random,2027,test_unseen_size__erdos_renyi__large__idx0002__seed402028,0.07842904573365622
test_unseen_size,Random,2027,test_unseen_size__barabasi_albert__large__idx0000__seed412026,0.08043722590893665
test_unseen_size,Random,2027,test_unseen_size__barabasi_albert__large__idx0001__seed412027,0.13595969954717502
test_unseen_size,Random,2027,test_unseen_size__barabasi_albert__large__idx0002__seed412028,0.17641716939322888
test_unseen_size,Random,2027,test_unseen_size__watts_strogatz__large__idx0000__seed422026,0.09541285644299558
test_unseen_size,Random,2027,test_unseen_size__watts_strogatz__large__idx0001__seed422027,0.22435956344271235
test_unseen_size,Random,2027,test_unseen_size__watts_strogatz__large__idx0002__seed422028,0.09151519227395044
test_unseen_size,Random,2027,test_unseen_size__tree__large__idx0000__seed432026,0.19693972533988913
test_unseen_size,Random,2027,test_unseen_size__tree__large__idx0001__seed432027,0.18939616277154536
test_unseen_size,Random,2027,test_unseen_size__tree__large__idx0002__seed432028,0.20151767848797209
test_unseen_size,Best fixed,2027,test_unseen_size__erdos_renyi__large__idx0000__seed402026,0.11866339575792162
test_unseen_size,Best fixed,2027,test_unseen_size__erdos_renyi__large__idx0001__seed402027,0.13673826077526752
test_unseen_size,Best fixed,2027,test_unseen_size__erdos_renyi__large__idx0002__seed402028,0.11854088719775385
test_unseen_size,Best fixed,2027,test_unseen_size__barabasi_albert__large__idx0000__seed412026,0.11773283926287059
test_unseen_size,Best fixed,2027,test_unseen_size__barabasi_albert__large__idx0001__seed412027,0.13658158403894582
test_unseen_size,Best fixed,2027,test_unseen_size__barabasi_albert__large__idx0002__seed412028,0.14412787664989601
test_unseen_size,Best fixed,2027,test_unseen_size__watts_strogatz__large__idx0000__seed422026,0.10648796745989075
test_unseen_size,Best fixed,2027,test_unseen_size__watts_strogatz__large__idx0001__seed422027,0.2137244522891536
test_unseen_size,Best fixed,2027,test_unseen_size__watts_strogatz__large__idx0002__seed422028,0.10204955542377836
test_unseen_size,Best fixed,2027,test_unseen_size__tree__large__idx0000__seed432026,0.22032489648363207
test_unseen_size,Best fixed,2027,test_unseen_size__tree__large__idx0001__seed432027,0.190052817707429
test_unseen_size,Best fixed,2027,test_unseen_size__tree__large__idx0002__seed432028,0.18111357782714022
test_unseen_size,Best fixed,2027,test_unseen_size__grid__large__idx0000__seed442026,0.19053995561307335
test_unseen_size,Best fixed,2027,test_unseen_size__grid__large__idx0001__seed442027,0.19963416581312532
test_unseen_size,Best fixed,2027,test_unseen_size__grid__large__idx0002__seed442028,0.18459623294476324
test_unseen_size,Best fixed,2027,test_unseen_size__bipartite__large__idx0000__seed452026,0.11502486476567464
test_unseen_size,Best fixed,2027,test_unseen_size__bipartite__large__idx0001__seed452027,0.1042112460889002
test_unseen_size,Best fixed,2027,test_unseen_size__bipartite__large__idx0002__seed452028,0.10772035244055156
test_unseen_size,Best fixed,2027,test_unseen_size__erdos_renyi__large__idx0000__seed402026,0.11941686433944482
test_unseen_size,Best fixed,2027,test_unseen_size__erdos_renyi__large__idx0001__seed402027,0.11144219072356326
test_unseen_size,Best fixed,2027,test_unseen_size__erdos_renyi__large__idx0002__seed402028,0.08910397277816945
test_unseen_size,Best fixed,2027,test_unseen_size__barabasi_albert__large__idx0000__seed412026,0.09655878232191739
test_unseen_size,Best fixed,2027,test_unseen_size__barabasi_albert__large__idx0001__seed412027,0.12900447277150418
test_unseen_size,Best fixed,2027,test_unseen_size__barabasi_albert__large__idx0002__seed412028,0.2047033553424295
test_unseen_size,Best fixed,2027,test_unseen_size__watts_strogatz__large__idx0000__seed422026,0.10513907461639238
test_unseen_size,Best fixed,2027,test_unseen_size__watts_strogatz__large__idx0001__seed422027,0.2096553787941916
test_unseen_size,Best fixed,2027,test_unseen_size__watts_strogatz__large__idx0002__seed422028,0.10212579206629246
test_unseen_size,Best fixed,2027,test_unseen_size__tree__large__idx0000__seed432026,0.23418215508797546
test_unseen_size,Best fixed,2027,test_unseen_size__tree__large__idx0001__seed432027,0.21371564943626586
test_unseen_size,Best fixed,2027,test_unseen_size__tree__large__idx0002__seed432028,0.23426002360501086
test_unseen_size,PPO,2027,test_unseen_size__erdos_renyi__large__idx0000__seed402026,0.12014662838236245
test_unseen_size,PPO,2027,test_unseen_size__erdos_renyi__large__idx0001__seed402027,0.1325479844898534
test_unseen_size,PPO,2027,test_unseen_size__erdos_renyi__large__idx0002__seed402028,0.11668934854475971
test_unseen_size,PPO,2027,test_unseen_size__barabasi_albert__large__idx0000__seed412026,0.1160400333051691
test_unseen_size,PPO,2027,test_unseen_size__barabasi_albert__large__idx0001__seed412027,0.12930239843103963
test_unseen_size,PPO,2027,test_unseen_size__barabasi_albert__large__idx0002__seed412028,0.1654838799823879
test_unseen_size,PPO,2027,test_unseen_size__watts_strogatz__large__idx0000__seed422026,0.1034618851545498
test_unseen_size,PPO,2027,test_unseen_size__watts_strogatz__large__idx0001__seed422027,0.23174684104836418
test_unseen_size,PPO,2027,test_unseen_size__watts_strogatz__large__idx0002__seed422028,0.1084529528060535
test_unseen_size,PPO,2027,test_unseen_size__tree__large__idx0000__seed432026,0.22088040574081635
test_unseen_size,PPO,2027,test_unseen_size__tree__large__idx0001__seed432027,0.1931330525822461
test_unseen_size,PPO,2027,test_unseen_size__tree__large__idx0002__seed432028,0.16013520760890243
test_unseen_size,PPO,2027,test_unseen_size__grid__large__idx0000__seed442026,0.30150851441517745
test_unseen_size,PPO,2027,test_unseen_size__grid__large__idx0001__seed442027,0.19493910593039265
test_unseen_size,PPO,2027,test_unseen_size__grid__large__idx0002__seed442028,0.21363754528714995
test_unseen_size,PPO,2027,test_unseen_size__bipartite__large__idx0000__seed452026,0.13593044390422826
test_unseen_size,PPO,2027,test_unseen_size__bipartite__large__idx0001__seed452027,0.09764441959452119
test_unseen_size,PPO,2027,test_unseen_size__bipartite__large__idx0002__seed452028,0.09863591877165412
test_unseen_size,PPO,2027,test_unseen_size__erdos_renyi__large__idx0000__seed402026,0.11093643603808973
test_unseen_size,PPO,2027,test_unseen_size__erdos_renyi__large__idx0001__seed402027,0.11702702625844358
test_unseen_size,PPO,2027,test_unseen_size__erdos_renyi__large__idx0002__seed402028,0.09511534234917812
test_unseen_size,PPO,2027,test_unseen_size__barabasi_albert__large__idx0000__seed412026,0.10379783344911597
test_unseen_size,PPO,2027,test_unseen_size__barabasi_albert__large__idx0001__seed412027,0.13334230837216876
test_unseen_size,PPO,2027,test_unseen_size__barabasi_albert__large__idx0002__seed412028,0.19691076403868063
test_unseen_size,PPO,2027,test_unseen_size__watts_strogatz__large__idx0000__seed422026,0.10372049045826037
test_unseen_size,PPO,2027,test_unseen_size__watts_strogatz__large__idx0001__seed422027,0.22967540886040871
test_unseen_size,PPO,2027,test_unseen_size__watts_strogatz__large__idx0002__seed422028,0.10068279837191052
test_unseen_size,PPO,2027,test_unseen_size__tree__large__idx0000__seed432026,0.23655048898484476
test_unseen_size,PPO,2027,test_unseen_size__tree__large__idx0001__seed432027,0.2222622416039025
test_unseen_size,PPO,2027,test_unseen_size__tree__large__idx0002__seed432028,0.22730229410955194
test_unseen_size,Default FR,2028,test_unseen_size__erdos_renyi__large__idx0000__seed402026,0.10526269057824011
test_unseen_size,Default FR,2028,test_unseen_size__erdos_renyi__large__idx0001__seed402027,0.09099597535546566
test_unseen_size,Default FR,2028,test_unseen_size__erdos_renyi__large__idx0002__seed402028,0.08173644508169642
test_unseen_size,Default FR,2028,test_unseen_size__barabasi_albert__large__idx0000__seed412026,0.10181604210281309
test_unseen_size,Default FR,2028,test_unseen_size__barabasi_albert__large__idx0001__seed412027,0.15175545739236074
test_unseen_size,Default FR,2028,test_unseen_size__barabasi_albert__large__idx0002__seed412028,0.12875119845233096
test_unseen_size,Default FR,2028,test_unseen_size__watts_strogatz__large__idx0000__seed422026,0.07735510335215035
test_unseen_size,Default FR,2028,test_unseen_size__watts_strogatz__large__idx0001__seed422027,0.23827812988356245
test_unseen_size,Default FR,2028,test_unseen_size__watts_strogatz__large__idx0002__seed422028,0.11184845257445492
test_unseen_size,Default FR,2028,test_unseen_size__tree__large__idx0000__seed432026,0.1995844765760698
test_unseen_size,Default FR,2028,test_unseen_size__tree__large__idx0001__seed432027,0.2051172567883821
test_unseen_size,Default FR,2028,test_unseen_size__tree__large__idx0002__seed432028,0.1758329279468982
test_unseen_size,Default FR,2028,test_unseen_size__grid__large__idx0000__seed442026,0.2422551413465931
test_unseen_size,Default FR,2028,test_unseen_size__grid__large__idx0001__seed442027,0.22908528743484602
test_unseen_size,Default FR,2028,test_unseen_size__grid__large__idx0002__seed442028,0.2342135735294204
test_unseen_size,Default FR,2028,test_unseen_size__bipartite__large__idx0000__seed452026,0.13413302626531537
test_unseen_size,Default FR,2028,test_unseen_size__bipartite__large__idx0001__seed452027,0.10434062061267546
test_unseen_size,Default FR,2028,test_unseen_size__bipartite__large__idx0002__seed452028,0.0892979877920933
test_unseen_size,Default FR,2028,test_unseen_size__erdos_renyi__large__idx0000__seed402026,0.09008425520967428
test_unseen_size,Default FR,2028,test_unseen_size__erdos_renyi__large__idx0001__seed402027,0.11059567083850019
test_unseen_size,Default FR,2028,test_unseen_size__erdos_renyi__large__idx0002__seed402028,0.08932103251737988
test_unseen_size,Default FR,2028,test_unseen_size__barabasi_albert__large__idx0000__seed412026,0.093977788027656
test_unseen_size,Default FR,2028,test_unseen_size__barabasi_albert__large__idx0001__seed412027,0.10940459516989742
test_unseen_size,Default FR,2028,test_unseen_size__barabasi_albert__large__idx0002__seed412028,0.17192642012996806
test_unseen_size,Default FR,2028,test_unseen_size__watts_strogatz__large__idx0000__seed422026,0.07872002875852119
test_unseen_size,Default FR,2028,test_unseen_size__watts_strogatz__large__idx0001__seed422027,0.22677166300319185
test_unseen_size,Default FR,2028,test_unseen_size__watts_strogatz__large__idx0002__seed422028,0.09837419109881329
test_unseen_size,Default FR,2028,test_unseen_size__tree__large__idx0000__seed432026,0.21481171286803535
test_unseen_size,Default FR,2028,test_unseen_size__tree__large__idx0001__seed432027,0.21145876819500764
test_unseen_size,Default FR,2028,test_unseen_size__tree__large__idx0002__seed432028,0.1726630097052967
test_unseen_size,Random,2028,test_unseen_size__erdos_renyi__large__idx0000__seed402026,0.11022422000307952
test_unseen_size,Random,2028,test_unseen_size__erdos_renyi__large__idx0001__seed402027,0.1201937743039515
test_unseen_size,Random,2028,test_unseen_size__erdos_renyi__large__idx0002__seed402028,0.08769871739205837
test_unseen_size,Random,2028,test_unseen_size__barabasi_albert__large__idx0000__seed412026,0.09851482104443449
test_unseen_size,Random,2028,test_unseen_size__barabasi_albert__large__idx0001__seed412027,0.15319054720035163
test_unseen_size,Random,2028,test_unseen_size__barabasi_albert__large__idx0002__seed412028,0.14403941006347998
test_unseen_size,Random,2028,test_unseen_size__watts_strogatz__large__idx0000__seed422026,0.08664425838991441
test_unseen_size,Random,2028,test_unseen_size__watts_strogatz__large__idx0001__seed422027,0.24199847751060388
test_unseen_size,Random,2028,test_unseen_size__watts_strogatz__large__idx0002__seed422028,0.09946060194976752
test_unseen_size,Random,2028,test_unseen_size__tree__large__idx0000__seed432026,0.2038261222993385
test_unseen_size,Random,2028,test_unseen_size__tree__large__idx0001__seed432027,0.19519679806245094
test_unseen_size,Random,2028,test_unseen_size__tree__large__idx0002__seed432028,0.18283507569566826
test_unseen_size,Random,2028,test_unseen_size__grid__large__idx0000__seed442026,0.23245575464750146
test_unseen_size,Random,2028,test_unseen_size__grid__large__idx0001__seed442027,0.23503637449425707
test_unseen_size,Random,2028,test_unseen_size__grid__large__idx0002__seed442028,0.2223050143963572
test_unseen_size,Random,2028,test_unseen_size__bipartite__large__idx0000__seed452026,0.13759862199208178
test_unseen_size,Random,2028,test_unseen_size__bipartite__large__idx0001__seed452027,0.10234368782350678
test_unseen_size,Random,2028,test_unseen_size__bipartite__large__idx0002__seed452028,0.06182410732376464
test_unseen_size,Random,2028,test_unseen_size__erdos_renyi__large__idx0000__seed402026,0.11058571227446118
test_unseen_size,Random,2028,test_unseen_size__erdos_renyi__large__idx0001__seed402027,0.11243451384371705
test_unseen_size,Random,2028,test_unseen_size__erdos_renyi__large__idx0002__seed402028,0.07850166554470261
test_unseen_size,Random,2028,test_unseen_size__barabasi_albert__large__idx0000__seed412026,0.09910991979473549
test_unseen_size,Random,2028,test_unseen_size__barabasi_albert__large__idx0001__seed412027,0.10359880237832997
test_unseen_size,Random,2028,test_unseen_size__barabasi_albert__large__idx0002__seed412028,0.15936273892214514
test_unseen_size,Random,2028,test_unseen_size__watts_strogatz__large__idx0000__seed422026,0.09226495052659028
test_unseen_size,Random,2028,test_unseen_size__watts_strogatz__large__idx0001__seed422027,0.21602877769146211
test_unseen_size,Random,2028,test_unseen_size__watts_strogatz__large__idx0002__seed422028,0.09800888561624677
test_unseen_size,Random,2028,test_unseen_size__tree__large__idx0000__seed432026,0.2159325754339685
test_unseen_size,Random,2028,test_unseen_size__tree__large__idx0001__seed432027,0.18335462115030654
test_unseen_size,Random,2028,test_unseen_size__tree__large__idx0002__seed432028,0.17845213507626956
test_unseen_size,Best fixed,2028,test_unseen_size__erdos_renyi__large__idx0000__seed402026,0.11930518421459446
test_unseen_size,Best fixed,2028,test_unseen_size__erdos_renyi__large__idx0001__seed402027,0.12856412522340577
test_unseen_size,Best fixed,2028,test_unseen_size__erdos_renyi__large__idx0002__seed402028,0.0988010510002848
test_unseen_size,Best fixed,2028,test_unseen_size__barabasi_albert__large__idx0000__seed412026,0.10451682694972081
test_unseen_size,Best fixed,2028,test_unseen_size__barabasi_albert__large__idx0001__seed412027,0.12835638059157317
test_unseen_size,Best fixed,2028,test_unseen_size__barabasi_albert__large__idx0002__seed412028,0.18384552513133956
test_unseen_size,Best fixed,2028,test_unseen_size__watts_strogatz__large__idx0000__seed422026,0.1001511629679096
test_unseen_size,Best fixed,2028,test_unseen_size__watts_strogatz__large__idx0001__seed422027,0.22752584849345447
test_unseen_size,Best fixed,2028,test_unseen_size__watts_strogatz__large__idx0002__seed422028,0.11885465698706404
test_unseen_size,Best fixed,2028,test_unseen_size__tree__large__idx0000__seed432026,0.21065520625237322
test_unseen_size,Best fixed,2028,test_unseen_size__tree__large__idx0001__seed432027,0.215028577825082
test_unseen_size,Best fixed,2028,test_unseen_size__tree__large__idx0002__seed432028,0.18601053822248892
test_unseen_size,Best fixed,2028,test_unseen_size__grid__large__idx0000__seed442026,0.1875003857066746
test_unseen_size,Best fixed,2028,test_unseen_size__grid__large__idx0001__seed442027,0.18255757784754145
test_unseen_size,Best fixed,2028,test_unseen_size__grid__large__idx0002__seed442028,0.18559669709635374
test_unseen_size,Best fixed,2028,test_unseen_size__bipartite__large__idx0000__seed452026,0.13639474967427562
test_unseen_size,Best fixed,2028,test_unseen_size__bipartite__large__idx0001__seed452027,0.10832789627753525
test_unseen_size,Best fixed,2028,test_unseen_size__bipartite__large__idx0002__seed452028,0.08690321069548723
test_unseen_size,Best fixed,2028,test_unseen_size__erdos_renyi__large__idx0000__seed402026,0.10640836157228512
test_unseen_size,Best fixed,2028,test_unseen_size__erdos_renyi__large__idx0001__seed402027,0.10571323102849595
test_unseen_size,Best fixed,2028,test_unseen_size__erdos_renyi__large__idx0002__seed402028,0.09184271554599532
test_unseen_size,Best fixed,2028,test_unseen_size__barabasi_albert__large__idx0000__seed412026,0.1043603719943813
test_unseen_size,Best fixed,2028,test_unseen_size__barabasi_albert__large__idx0001__seed412027,0.11682898205881576
test_unseen_size,Best fixed,2028,test_unseen_size__barabasi_albert__large__idx0002__seed412028,0.19150578439416854
test_unseen_size,Best fixed,2028,test_unseen_size__watts_strogatz__large__idx0000__seed422026,0.09057607029536258
test_unseen_size,Best fixed,2028,test_unseen_size__watts_strogatz__large__idx0001__seed422027,0.23818108497097146
test_unseen_size,Best fixed,2028,test_unseen_size__watts_strogatz__large__idx0002__seed422028,0.09744998664395332
test_unseen_size,Best fixed,2028,test_unseen_size__tree__large__idx0000__seed432026,0.20921730242540826
test_unseen_size,Best fixed,2028,test_unseen_size__tree__large__idx0001__seed432027,0.2074421028513821
test_unseen_size,Best fixed,2028,test_unseen_size__tree__large__idx0002__seed432028,0.17687880022477254
test_unseen_size,PPO,2028,test_unseen_size__erdos_renyi__large__idx0000__seed402026,0.11943846978042605
test_unseen_size,PPO,2028,test_unseen_size__erdos_renyi__large__idx0001__seed402027,0.1167911345671292
test_unseen_size,PPO,2028,test_unseen_size__erdos_renyi__large__idx0002__seed402028,0.09657045848884371
test_unseen_size,PPO,2028,test_unseen_size__barabasi_albert__large__idx0000__seed412026,0.10521439973961805
test_unseen_size,PPO,2028,test_unseen_size__barabasi_albert__large__idx0001__seed412027,0.14404815272485738
test_unseen_size,PPO,2028,test_unseen_size__barabasi_albert__large__idx0002__seed412028,0.16565858011899914
test_unseen_size,PPO,2028,test_unseen_size__watts_strogatz__large__idx0000__seed422026,0.08535480492621883
test_unseen_size,PPO,2028,test_unseen_size__watts_strogatz__large__idx0001__seed422027,0.24206229613273955
test_unseen_size,PPO,2028,test_unseen_size__watts_strogatz__large__idx0002__seed422028,0.11722542580215073
test_unseen_size,PPO,2028,test_unseen_size__tree__large__idx0000__seed432026,0.19374706484603144
test_unseen_size,PPO,2028,test_unseen_size__tree__large__idx0001__seed432027,0.18908747970542739
test_unseen_size,PPO,2028,test_unseen_size__tree__large__idx0002__seed432028,0.18552884021852778
test_unseen_size,PPO,2028,test_unseen_size__grid__large__idx0000__seed442026,0.35097271535629115
test_unseen_size,PPO,2028,test_unseen_size__grid__large__idx0001__seed442027,0.31253953930918743
test_unseen_size,PPO,2028,test_unseen_size__grid__large__idx0002__seed442028,0.27292971683443323
test_unseen_size,PPO,2028,test_unseen_size__bipartite__large__idx0000__seed452026,0.14205310593357318
test_unseen_size,PPO,2028,test_unseen_size__bipartite__large__idx0001__seed452027,0.11326078837659204
test_unseen_size,PPO,2028,test_unseen_size__bipartite__large__idx0002__seed452028,0.08969976261251489
test_unseen_size,PPO,2028,test_unseen_size__erdos_renyi__large__idx0000__seed402026,0.11302959253632255
test_unseen_size,PPO,2028,test_unseen_size__erdos_renyi__large__idx0001__seed402027,0.10556559367779961
test_unseen_size,PPO,2028,test_unseen_size__erdos_renyi__large__idx0002__seed402028,0.0971321366809248
test_unseen_size,PPO,2028,test_unseen_size__barabasi_albert__large__idx0000__seed412026,0.09394154223026696
test_unseen_size,PPO,2028,test_unseen_size__barabasi_albert__large__idx0001__seed412027,0.11993050848526143
test_unseen_size,PPO,2028,test_unseen_size__barabasi_albert__large__idx0002__seed412028,0.1996939979788147
test_unseen_size,PPO,2028,test_unseen_size__watts_strogatz__large__idx0000__seed422026,0.08167663390116747
test_unseen_size,PPO,2028,test_unseen_size__watts_strogatz__large__idx0001__seed422027,0.2182744536526513
test_unseen_size,PPO,2028,test_unseen_size__watts_strogatz__large__idx0002__seed422028,0.10578225583686618
test_unseen_size,PPO,2028,test_unseen_size__tree__large__idx0000__seed432026,0.2158796322798986
test_unseen_size,PPO,2028,test_unseen_size__tree__large__idx0001__seed432027,0.21389184300806785
test_unseen_size,PPO,2028,test_unseen_size__tree__large__idx0002__seed432028,0.18141890240172243
test_unseen_size,Default FR,2029,test_unseen_size__erdos_renyi__large__idx0000__seed402026,0.09189889035363685
test_unseen_size,Default FR,2029,test_unseen_size__erdos_renyi__large__idx0001__seed402027,0.117457079094679
test_unseen_size,Default FR,2029,test_unseen_size__erdos_renyi__large__idx0002__seed402028,0.08266094668874213
test_unseen_size,Default FR,2029,test_unseen_size__barabasi_albert__large__idx0000__seed412026,0.08899330448478121
test_unseen_size,Default FR,2029,test_unseen_size__barabasi_albert__large__idx0001__seed412027,0.12425337606801456
test_unseen_size,Default FR,2029,test_unseen_size__barabasi_albert__large__idx0002__seed412028,0.1292938233530494
test_unseen_size,Default FR,2029,test_unseen_size__watts_strogatz__large__idx0000__seed422026,0.07643507956581008
test_unseen_size,Default FR,2029,test_unseen_size__watts_strogatz__large__idx0001__seed422027,0.2727269441457967
test_unseen_size,Default FR,2029,test_unseen_size__watts_strogatz__large__idx0002__seed422028,0.08709445017939943
test_unseen_size,Default FR,2029,test_unseen_size__tree__large__idx0000__seed432026,0.19134733975718543
test_unseen_size,Default FR,2029,test_unseen_size__tree__large__idx0001__seed432027,0.20169993121012808
test_unseen_size,Default FR,2029,test_unseen_size__tree__large__idx0002__seed432028,0.17149771147500303
test_unseen_size,Default FR,2029,test_unseen_size__grid__large__idx0000__seed442026,0.19573656196734346
test_unseen_size,Default FR,2029,test_unseen_size__grid__large__idx0001__seed442027,0.28443516220162524
test_unseen_size,Default FR,2029,test_unseen_size__grid__large__idx0002__seed442028,0.1855561019989636
test_unseen_size,Default FR,2029,test_unseen_size__bipartite__large__idx0000__seed452026,0.1191556290240024
test_unseen_size,Default FR,2029,test_unseen_size__bipartite__large__idx0001__seed452027,0.08937019888706044
test_unseen_size,Default FR,2029,test_unseen_size__bipartite__large__idx0002__seed452028,0.09496797558840692
test_unseen_size,Default FR,2029,test_unseen_size__erdos_renyi__large__idx0000__seed402026,0.08993366903636935
test_unseen_size,Default FR,2029,test_unseen_size__erdos_renyi__large__idx0001__seed402027,0.10310010760235055
test_unseen_size,Default FR,2029,test_unseen_size__erdos_renyi__large__idx0002__seed402028,0.10075295362646364
test_unseen_size,Default FR,2029,test_unseen_size__barabasi_albert__large__idx0000__seed412026,0.09895866155117833
test_unseen_size,Default FR,2029,test_unseen_size__barabasi_albert__large__idx0001__seed412027,0.14943012885034113
test_unseen_size,Default FR,2029,test_unseen_size__barabasi_albert__large__idx0002__seed412028,0.14741867568995548
test_unseen_size,Default FR,2029,test_unseen_size__watts_strogatz__large__idx0000__seed422026,0.09284024006700792
test_unseen_size,Default FR,2029,test_unseen_size__watts_strogatz__large__idx0001__seed422027,0.24851517946796942
test_unseen_size,Default FR,2029,test_unseen_size__watts_strogatz__large__idx0002__seed422028,0.08805986917947445
test_unseen_size,Default FR,2029,test_unseen_size__tree__large__idx0000__seed432026,0.22936552234236213
test_unseen_size,Default FR,2029,test_unseen_size__tree__large__idx0001__seed432027,0.18120001599780722
test_unseen_size,Default FR,2029,test_unseen_size__tree__large__idx0002__seed432028,0.1840469380531825
test_unseen_size,Random,2029,test_unseen_size__erdos_renyi__large__idx0000__seed402026,0.09686766233304522
test_unseen_size,Random,2029,test_unseen_size__erdos_renyi__large__idx0001__seed402027,0.12053011557183407
test_unseen_size,Random,2029,test_unseen_size__erdos_renyi__large__idx0002__seed402028,0.06890259161087431
test_unseen_size,Random,2029,test_unseen_size__barabasi_albert__large__idx0000__seed412026,0.09306305996628689
test_unseen_size,Random,2029,test_unseen_size__barabasi_albert__large__idx0001__seed412027,0.12380914085506778
test_unseen_size,Random,2029,test_unseen_size__barabasi_albert__large__idx0002__seed412028,0.13205639507740408
test_unseen_size,Random,2029,test_unseen_size__watts_strogatz__large__idx0000__seed422026,0.10221949777826511
test_unseen_size,Random,2029,test_unseen_size__watts_strogatz__large__idx0001__seed422027,0.2480495863910256
test_unseen_size,Random,2029,test_unseen_size__watts_strogatz__large__idx0002__seed422028,0.07397388231555257
test_unseen_size,Random,2029,test_unseen_size__tree__large__idx0000__seed432026,0.19635433413320014
test_unseen_size,Random,2029,test_unseen_size__tree__large__idx0001__seed432027,0.2146039456316513
test_unseen_size,Random,2029,test_unseen_size__tree__large__idx0002__seed432028,0.14541044345486587
test_unseen_size,Random,2029,test_unseen_size__grid__large__idx0000__seed442026,0.1728129098576634
test_unseen_size,Random,2029,test_unseen_size__grid__large__idx0001__seed442027,0.2643238108224616
test_unseen_size,Random,2029,test_unseen_size__grid__large__idx0002__seed442028,0.19472268083489758
test_unseen_size,Random,2029,test_unseen_size__bipartite__large__idx0000__seed452026,0.11007221905486259
test_unseen_size,Random,2029,test_unseen_size__bipartite__large__idx0001__seed452027,0.08908796354843285
test_unseen_size,Random,2029,test_unseen_size__bipartite__large__idx0002__seed452028,0.0872787552255106
test_unseen_size,Random,2029,test_unseen_size__erdos_renyi__large__idx0000__seed402026,0.10005057999950395
test_unseen_size,Random,2029,test_unseen_size__erdos_renyi__large__idx0001__seed402027,0.12146738084467923
test_unseen_size,Random,2029,test_unseen_size__erdos_renyi__large__idx0002__seed402028,0.08284200547904519
test_unseen_size,Random,2029,test_unseen_size__barabasi_albert__large__idx0000__seed412026,0.09904695014334425
test_unseen_size,Random,2029,test_unseen_size__barabasi_albert__large__idx0001__seed412027,0.15296139728996305
test_unseen_size,Random,2029,test_unseen_size__barabasi_albert__large__idx0002__seed412028,0.12801539828829944
test_unseen_size,Random,2029,test_unseen_size__watts_strogatz__large__idx0000__seed422026,0.08975245117597458
test_unseen_size,Random,2029,test_unseen_size__watts_strogatz__large__idx0001__seed422027,0.2526139028548271
test_unseen_size,Random,2029,test_unseen_size__watts_strogatz__large__idx0002__seed422028,0.07325645661716712
test_unseen_size,Random,2029,test_unseen_size__tree__large__idx0000__seed432026,0.23686089911213754
test_unseen_size,Random,2029,test_unseen_size__tree__large__idx0001__seed432027,0.1832249066108833
test_unseen_size,Random,2029,test_unseen_size__tree__large__idx0002__seed432028,0.1967964350821264
test_unseen_size,Best fixed,2029,test_unseen_size__erdos_renyi__large__idx0000__seed402026,0.10279937056465605
test_unseen_size,Best fixed,2029,test_unseen_size__erdos_renyi__large__idx0001__seed402027,0.13641449753746665
test_unseen_size,Best fixed,2029,test_unseen_size__erdos_renyi__large__idx0002__seed402028,0.08037095130799865
test_unseen_size,Best fixed,2029,test_unseen_size__barabasi_albert__large__idx0000__seed412026,0.09404909436228753
test_unseen_size,Best fixed,2029,test_unseen_size__barabasi_albert__large__idx0001__seed412027,0.12333918542337896
test_unseen_size,Best fixed,2029,test_unseen_size__barabasi_albert__large__idx0002__seed412028,0.1686837854147083
test_unseen_size,Best fixed,2029,test_unseen_size__watts_strogatz__large__idx0000__seed422026,0.1157500783669001
test_unseen_size,Best fixed,2029,test_unseen_size__watts_strogatz__large__idx0001__seed422027,0.23624191447240983
test_unseen_size,Best fixed,2029,test_unseen_size__watts_strogatz__large__idx0002__seed422028,0.08968610484777295
test_unseen_size,Best fixed,2029,test_unseen_size__tree__large__idx0000__seed432026,0.22188693929922576
test_unseen_size,Best fixed,2029,test_unseen_size__tree__large__idx0001__seed432027,0.22428211984960256
test_unseen_size,Best fixed,2029,test_unseen_size__tree__large__idx0002__seed432028,0.18784978516332151
test_unseen_size,Best fixed,2029,test_unseen_size__grid__large__idx0000__seed442026,0.19260511557947158
test_unseen_size,Best fixed,2029,test_unseen_size__grid__large__idx0001__seed442027,0.20416325212501063
test_unseen_size,Best fixed,2029,test_unseen_size__grid__large__idx0002__seed442028,0.17458715170105404
test_unseen_size,Best fixed,2029,test_unseen_size__bipartite__large__idx0000__seed452026,0.12077550696757428
test_unseen_size,Best fixed,2029,test_unseen_size__bipartite__large__idx0001__seed452027,0.09890277603606012
test_unseen_size,Best fixed,2029,test_unseen_size__bipartite__large__idx0002__seed452028,0.09229987529999112
test_unseen_size,Best fixed,2029,test_unseen_size__erdos_renyi__large__idx0000__seed402026,0.10857651834817639
test_unseen_size,Best fixed,2029,test_unseen_size__erdos_renyi__large__idx0001__seed402027,0.12444091056125439
test_unseen_size,Best fixed,2029,test_unseen_size__erdos_renyi__large__idx0002__seed402028,0.10893276664047069
test_unseen_size,Best fixed,2029,test_unseen_size__barabasi_albert__large__idx0000__seed412026,0.09915458715015207
test_unseen_size,Best fixed,2029,test_unseen_size__barabasi_albert__large__idx0001__seed412027,0.15780128388269354
test_unseen_size,Best fixed,2029,test_unseen_size__barabasi_albert__large__idx0002__seed412028,0.19189174984262913
test_unseen_size,Best fixed,2029,test_unseen_size__watts_strogatz__large__idx0000__seed422026,0.09831399258566548
test_unseen_size,Best fixed,2029,test_unseen_size__watts_strogatz__large__idx0001__seed422027,0.22652479444245588
test_unseen_size,Best fixed,2029,test_unseen_size__watts_strogatz__large__idx0002__seed422028,0.08976147750834956
test_unseen_size,Best fixed,2029,test_unseen_size__tree__large__idx0000__seed432026,0.23694563246794026
test_unseen_size,Best fixed,2029,test_unseen_size__tree__large__idx0001__seed432027,0.20104981859204796
test_unseen_size,Best fixed,2029,test_unseen_size__tree__large__idx0002__seed432028,0.1950071250285964
test_unseen_size,PPO,2029,test_unseen_size__erdos_renyi__large__idx0000__seed402026,0.09414549861669719
test_unseen_size,PPO,2029,test_unseen_size__erdos_renyi__large__idx0001__seed402027,0.1301192597846786
test_unseen_size,PPO,2029,test_unseen_size__erdos_renyi__large__idx0002__seed402028,0.0914445135732902
test_unseen_size,PPO,2029,test_unseen_size__barabasi_albert__large__idx0000__seed412026,0.09915007048119578
test_unseen_size,PPO,2029,test_unseen_size__barabasi_albert__large__idx0001__seed412027,0.12637796677730062
test_unseen_size,PPO,2029,test_unseen_size__barabasi_albert__large__idx0002__seed412028,0.16173699705359768
test_unseen_size,PPO,2029,test_unseen_size__watts_strogatz__large__idx0000__seed422026,0.10055218021454759
test_unseen_size,PPO,2029,test_unseen_size__watts_strogatz__large__idx0001__seed422027,0.2713942537657602
test_unseen_size,PPO,2029,test_unseen_size__watts_strogatz__large__idx0002__seed422028,0.0849421925992272
test_unseen_size,PPO,2029,test_unseen_size__tree__large__idx0000__seed432026,0.20458313048448706
test_unseen_size,PPO,2029,test_unseen_size__tree__large__idx0001__seed432027,0.20765201290422475
test_unseen_size,PPO,2029,test_unseen_size__tree__large__idx0002__seed432028,0.18124924125439512
test_unseen_size,PPO,2029,test_unseen_size__grid__large__idx0000__seed442026,0.1882408028174105
test_unseen_size,PPO,2029,test_unseen_size__grid__large__idx0001__seed442027,0.3330220611082174
test_unseen_size,PPO,2029,test_unseen_size__grid__large__idx0002__seed442028,0.33366959981427485
test_unseen_size,PPO,2029,test_unseen_size__bipartite__large__idx0000__seed452026,0.11624654356966185
test_unseen_size,PPO,2029,test_unseen_size__bipartite__large__idx0001__seed452027,0.09136717729608024
test_unseen_size,PPO,2029,test_unseen_size__bipartite__large__idx0002__seed452028,0.09495629397944921
test_unseen_size,PPO,2029,test_unseen_size__erdos_renyi__large__idx0000__seed402026,0.09904655817383057
test_unseen_size,PPO,2029,test_unseen_size__erdos_renyi__large__idx0001__seed402027,0.11687230968080664
test_unseen_size,PPO,2029,test_unseen_size__erdos_renyi__large__idx0002__seed402028,0.10617689018173959
test_unseen_size,PPO,2029,test_unseen_size__barabasi_albert__large__idx0000__seed412026,0.10124200644520859
test_unseen_size,PPO,2029,test_unseen_size__barabasi_albert__large__idx0001__seed412027,0.16259962916354698
test_unseen_size,PPO,2029,test_unseen_size__barabasi_albert__large__idx0002__seed412028,0.17355977212869667
test_unseen_size,PPO,2029,test_unseen_size__watts_strogatz__large__idx0000__seed422026,0.09828736708421787
test_unseen_size,PPO,2029,test_unseen_size__watts_strogatz__large__idx0001__seed422027,0.2581324754697857
test_unseen_size,PPO,2029,test_unseen_size__watts_strogatz__large__idx0002__seed422028,0.08870319153549028
test_unseen_size,PPO,2029,test_unseen_size__tree__large__idx0000__seed432026,0.22884333085570746
test_unseen_size,PPO,2029,test_unseen_size__tree__large__idx0001__seed432027,0.20286583749804665
test_unseen_size,PPO,2029,test_unseen_size__tree__large__idx0002__seed432028,0.2019223118600545
test_unseen_size,Default FR,2030,test_unseen_size__erdos_renyi__large__idx0000__seed402026,0.10963165653415008
test_unseen_size,Default FR,2030,test_unseen_size__erdos_renyi__large__idx0001__seed402027,0.09778146593375919
test_unseen_size,Default FR,2030,test_unseen_size__erdos_renyi__large__idx0002__seed402028,0.08567131909355191
test_unseen_size,Default FR,2030,test_unseen_size__barabasi_albert__large__idx0000__seed412026,0.08935197097897574
test_unseen_size,Default FR,2030,test_unseen_size__barabasi_albert__large__idx0001__seed412027,0.12960858914290496
test_unseen_size,Default FR,2030,test_unseen_size__barabasi_albert__large__idx0002__seed412028,0.14380970734158732
test_unseen_size,Default FR,2030,test_unseen_size__watts_strogatz__large__idx0000__seed422026,0.09071521088797929
test_unseen_size,Default FR,2030,test_unseen_size__watts_strogatz__large__idx0001__seed422027,0.22484552932678414
test_unseen_size,Default FR,2030,test_unseen_size__watts_strogatz__large__idx0002__seed422028,0.10245415401249142
test_unseen_size,Default FR,2030,test_unseen_size__tree__large__idx0000__seed432026,0.21441990136042788
test_unseen_size,Default FR,2030,test_unseen_size__tree__large__idx0001__seed432027,0.20796947070017202
test_unseen_size,Default FR,2030,test_unseen_size__tree__large__idx0002__seed432028,0.1903367189165831
test_unseen_size,Default FR,2030,test_unseen_size__grid__large__idx0000__seed442026,0.24219188207822073
test_unseen_size,Default FR,2030,test_unseen_size__grid__large__idx0001__seed442027,0.2959448363862845
test_unseen_size,Default FR,2030,test_unseen_size__grid__large__idx0002__seed442028,0.1972294185832592
test_unseen_size,Default FR,2030,test_unseen_size__bipartite__large__idx0000__seed452026,0.12835939667181046
test_unseen_size,Default FR,2030,test_unseen_size__bipartite__large__idx0001__seed452027,0.09344591830090182
test_unseen_size,Default FR,2030,test_unseen_size__bipartite__large__idx0002__seed452028,0.09873125521486359
test_unseen_size,Default FR,2030,test_unseen_size__erdos_renyi__large__idx0000__seed402026,0.10689382925396429
test_unseen_size,Default FR,2030,test_unseen_size__erdos_renyi__large__idx0001__seed402027,0.13566369303201298
test_unseen_size,Default FR,2030,test_unseen_size__erdos_renyi__large__idx0002__seed402028,0.07925279508360922
test_unseen_size,Default FR,2030,test_unseen_size__barabasi_albert__large__idx0000__seed412026,0.09125995430300388
test_unseen_size,Default FR,2030,test_unseen_size__barabasi_albert__large__idx0001__seed412027,0.1267160307649372
test_unseen_size,Default FR,2030,test_unseen_size__barabasi_albert__large__idx0002__seed412028,0.15537761866791283
test_unseen_size,Default FR,2030,test_unseen_size__watts_strogatz__large__idx0000__seed422026,0.0668943490994161
test_unseen_size,Default FR,2030,test_unseen_size__watts_strogatz__large__idx0001__seed422027,0.2360145724414131
test_unseen_size,Default FR,2030,test_unseen_size__watts_strogatz__large__idx0002__seed422028,0.0984223235340792
test_unseen_size,Default FR,2030,test_unseen_size__tree__large__idx0000__seed432026,0.2123228766481432
test_unseen_size,Default FR,2030,test_unseen_size__tree__large__idx0001__seed432027,0.22958136712189658
test_unseen_size,Default FR,2030,test_unseen_size__tree__large__idx0002__seed432028,0.186030110607332
test_unseen_size,Random,2030,test_unseen_size__erdos_renyi__large__idx0000__seed402026,0.09583274922188278
test_unseen_size,Random,2030,test_unseen_size__erdos_renyi__large__idx0001__seed402027,0.0935857773024123
test_unseen_size,Random,2030,test_unseen_size__erdos_renyi__large__idx0002__seed402028,0.09781650085496357
test_unseen_size,Random,2030,test_unseen_size__barabasi_albert__large__idx0000__seed412026,0.08986076245218821
test_unseen_size,Random,2030,test_unseen_size__barabasi_albert__large__idx0001__seed412027,0.12436865717845369
test_unseen_size,Random,2030,test_unseen_size__barabasi_albert__large__idx0002__seed412028,0.1384704163668808
test_unseen_size,Random,2030,test_unseen_size__watts_strogatz__large__idx0000__seed422026,0.08767738141453851
test_unseen_size,Random,2030,test_unseen_size__watts_strogatz__large__idx0001__seed422027,0.2249591216550405
test_unseen_size,Random,2030,test_unseen_size__watts_strogatz__large__idx0002__seed422028,0.10732914000157384
test_unseen_size,Random,2030,test_unseen_size__tree__large__idx0000__seed432026,0.2192057129609435
test_unseen_size,Random,2030,test_unseen_size__tree__large__idx0001__seed432027,0.1986162851950538
test_unseen_size,Random,2030,test_unseen_size__tree__large__idx0002__seed432028,0.19661453996852063
test_unseen_size,Random,2030,test_unseen_size__grid__large__idx0000__seed442026,0.25451563951865297
test_unseen_size,Random,2030,test_unseen_size__grid__large__idx0001__seed442027,0.3087987372502597
test_unseen_size,Random,2030,test_unseen_size__grid__large__idx0002__seed442028,0.22218330091582145
test_unseen_size,Random,2030,test_unseen_size__bipartite__large__idx0000__seed452026,0.127127006697276
test_unseen_size,Random,2030,test_unseen_size__bipartite__large__idx0001__seed452027,0.05490033107755349
test_unseen_size,Random,2030,test_unseen_size__bipartite__large__idx0002__seed452028,0.07046023963108494
test_unseen_size,Random,2030,test_unseen_size__erdos_renyi__large__idx0000__seed402026,0.10254685745253267
test_unseen_size,Random,2030,test_unseen_size__erdos_renyi__large__idx0001__seed402027,0.127956773162199
test_unseen_size,Random,2030,test_unseen_size__erdos_renyi__large__idx0002__seed402028,0.09151879300478155
test_unseen_size,Random,2030,test_unseen_size__barabasi_albert__large__idx0000__seed412026,0.0969248744176971
test_unseen_size,Random,2030,test_unseen_size__barabasi_albert__large__idx0001__seed412027,0.12540067531243726
test_unseen_size,Random,2030,test_unseen_size__barabasi_albert__large__idx0002__seed412028,0.13371741982025426
test_unseen_size,Random,2030,test_unseen_size__watts_strogatz__large__idx0000__seed422026,0.06337345376794296
test_unseen_size,Random,2030,test_unseen_size__watts_strogatz__large__idx0001__seed422027,0.24731266117894968
test_unseen_size,Random,2030,test_unseen_size__watts_strogatz__large__idx0002__seed422028,0.10619981668725531
test_unseen_size,Random,2030,test_unseen_size__tree__large__idx0000__seed432026,0.2183177298307577
test_unseen_size,Random,2030,test_unseen_size__tree__large__idx0001__seed432027,0.15402157928331195
test_unseen_size,Random,2030,test_unseen_size__tree__large__idx0002__seed432028,0.19139565146418147
test_unseen_size,Best fixed,2030,test_unseen_size__erdos_renyi__large__idx0000__seed402026,0.10723200795049537
test_unseen_size,Best fixed,2030,test_unseen_size__erdos_renyi__large__idx0001__seed402027,0.10771531757198644
test_unseen_size,Best fixed,2030,test_unseen_size__erdos_renyi__large__idx0002__seed402028,0.09730970186234339
test_unseen_size,Best fixed,2030,test_unseen_size__barabasi_albert__large__idx0000__seed412026,0.08954201603025591
test_unseen_size,Best fixed,2030,test_unseen_size__barabasi_albert__large__idx0001__seed412027,0.1435222759949657
test_unseen_size,Best fixed,2030,test_unseen_size__barabasi_albert__large__idx0002__seed412028,0.18383716977661296
test_unseen_size,Best fixed,2030,test_unseen_size__watts_strogatz__large__idx0000__seed422026,0.10538518553810527
test_unseen_size,Best fixed,2030,test_unseen_size__watts_strogatz__large__idx0001__seed422027,0.2250628369143759
test_unseen_size,Best fixed,2030,test_unseen_size__watts_strogatz__large__idx0002__seed422028,0.10580389054058897
test_unseen_size,Best fixed,2030,test_unseen_size__tree__large__idx0000__seed432026,0.22477294344906829
test_unseen_size,Best fixed,2030,test_unseen_size__tree__large__idx0001__seed432027,0.23591796915678487
test_unseen_size,Best fixed,2030,test_unseen_size__tree__large__idx0002__seed432028,0.18788708628473527
test_unseen_size,Best fixed,2030,test_unseen_size__grid__large__idx0000__seed442026,0.18709953724321193
test_unseen_size,Best fixed,2030,test_unseen_size__grid__large__idx0001__seed442027,0.2222767718396233
test_unseen_size,Best fixed,2030,test_unseen_size__grid__large__idx0002__seed442028,0.18301323549787046
test_unseen_size,Best fixed,2030,test_unseen_size__bipartite__large__idx0000__seed452026,0.13139349623719526
test_unseen_size,Best fixed,2030,test_unseen_size__bipartite__large__idx0001__seed452027,0.09509641218983572
test_unseen_size,Best fixed,2030,test_unseen_size__bipartite__large__idx0002__seed452028,0.09118159399485393
test_unseen_size,Best fixed,2030,test_unseen_size__erdos_renyi__large__idx0000__seed402026,0.11985390058633272
test_unseen_size,Best fixed,2030,test_unseen_size__erdos_renyi__large__idx0001__seed402027,0.14946901872191765
test_unseen_size,Best fixed,2030,test_unseen_size__erdos_renyi__large__idx0002__seed402028,0.10586693031207056
test_unseen_size,Best fixed,2030,test_unseen_size__barabasi_albert__large__idx0000__seed412026,0.09646129720490165
test_unseen_size,Best fixed,2030,test_unseen_size__barabasi_albert__large__idx0001__seed412027,0.136421020200452
test_unseen_size,Best fixed,2030,test_unseen_size__barabasi_albert__large__idx0002__seed412028,0.18599687473971643
test_unseen_size,Best fixed,2030,test_unseen_size__watts_strogatz__large__idx0000__seed422026,0.07763085706664447
test_unseen_size,Best fixed,2030,test_unseen_size__watts_strogatz__large__idx0001__seed422027,0.24364170291265197
test_unseen_size,Best fixed,2030,test_unseen_size__watts_strogatz__large__idx0002__seed422028,0.1068917652339223
test_unseen_size,Best fixed,2030,test_unseen_size__tree__large__idx0000__seed432026,0.22132312041361135
test_unseen_size,Best fixed,2030,test_unseen_size__tree__large__idx0001__seed432027,0.2120020462928378
test_unseen_size,Best fixed,2030,test_unseen_size__tree__large__idx0002__seed432028,0.19206763895105372
test_unseen_size,PPO,2030,test_unseen_size__erdos_renyi__large__idx0000__seed402026,0.11108705409972208
test_unseen_size,PPO,2030,test_unseen_size__erdos_renyi__large__idx0001__seed402027,0.10545349789153241
test_unseen_size,PPO,2030,test_unseen_size__erdos_renyi__large__idx0002__seed402028,0.10202464063163302
test_unseen_size,PPO,2030,test_unseen_size__barabasi_albert__large__idx0000__seed412026,0.09178229195581167
test_unseen_size,PPO,2030,test_unseen_size__barabasi_albert__large__idx0001__seed412027,0.14042156060637767
test_unseen_size,PPO,2030,test_unseen_size__barabasi_albert__large__idx0002__seed412028,0.18753756002972616
test_unseen_size,PPO,2030,test_unseen_size__watts_strogatz__large__idx0000__seed422026,0.09997363945887139
test_unseen_size,PPO,2030,test_unseen_size__watts_strogatz__large__idx0001__seed422027,0.21405539364803938
test_unseen_size,PPO,2030,test_unseen_size__watts_strogatz__large__idx0002__seed422028,0.11012454382084486
test_unseen_size,PPO,2030,test_unseen_size__tree__large__idx0000__seed432026,0.2130532387511591
test_unseen_size,PPO,2030,test_unseen_size__tree__large__idx0001__seed432027,0.22446208281076452
test_unseen_size,PPO,2030,test_unseen_size__tree__large__idx0002__seed432028,0.19603730735136216
test_unseen_size,PPO,2030,test_unseen_size__grid__large__idx0000__seed442026,0.33109336327576333
test_unseen_size,PPO,2030,test_unseen_size__grid__large__idx0001__seed442027,0.34904076511329823
test_unseen_size,PPO,2030,test_unseen_size__grid__large__idx0002__seed442028,0.23342822951342052
test_unseen_size,PPO,2030,test_unseen_size__bipartite__large__idx0000__seed452026,0.12989791155277203
test_unseen_size,PPO,2030,test_unseen_size__bipartite__large__idx0001__seed452027,0.10068091298717535
test_unseen_size,PPO,2030,test_unseen_size__bipartite__large__idx0002__seed452028,0.09209114358694814
test_unseen_size,PPO,2030,test_unseen_size__erdos_renyi__large__idx0000__seed402026,0.10438560845868983
test_unseen_size,PPO,2030,test_unseen_size__erdos_renyi__large__idx0001__seed402027,0.1357139540312463
test_unseen_size,PPO,2030,test_unseen_size__erdos_renyi__large__idx0002__seed402028,0.09407084404120641
test_unseen_size,PPO,2030,test_unseen_size__barabasi_albert__large__idx0000__seed412026,0.09718460161965109
test_unseen_size,PPO,2030,test_unseen_size__barabasi_albert__large__idx0001__seed412027,0.1308695015837601
test_unseen_size,PPO,2030,test_unseen_size__barabasi_albert__large__idx0002__seed412028,0.20062277607655138
test_unseen_size,PPO,2030,test_unseen_size__watts_strogatz__large__idx0000__seed422026,0.07771239656220902
test_unseen_size,PPO,2030,test_unseen_size__watts_strogatz__large__idx0001__seed422027,0.23632427004012324
test_unseen_size,PPO,2030,test_unseen_size__watts_strogatz__large__idx0002__seed422028,0.10503040321688262
test_unseen_size,PPO,2030,test_unseen_size__tree__large__idx0000__seed432026,0.21790292547124346
test_unseen_size,PPO,2030,test_unseen_size__tree__large__idx0001__seed432027,0.20804842594377893
test_unseen_size,PPO,2030,test_unseen_size__tree__large__idx0002__seed432028,0.20200108663533656
test_unseen_family,Default FR,2026,test_unseen_family__random_geometric__small__idx0000__seed502026,0.07664256053044205
test_unseen_family,Default FR,2026,test_unseen_family__random_geometric__small__idx0001__seed502027,0.13258401867914693
test_unseen_family,Default FR,2026,test_unseen_family__random_geometric__small__idx0002__seed502028,0.12055969711725883
test_unseen_family,Default FR,2026,test_unseen_family__random_geometric__small__idx0003__seed502029,0.09129188192387161
test_unseen_family,Default FR,2026,test_unseen_family__random_geometric__medium__idx0000__seed503026,0.08862052844065038
test_unseen_family,Default FR,2026,test_unseen_family__random_geometric__medium__idx0001__seed503027,0.08553539646107611
test_unseen_family,Default FR,2026,test_unseen_family__random_geometric__medium__idx0002__seed503028,0.07457038767108348
test_unseen_family,Default FR,2026,test_unseen_family__random_geometric__medium__idx0003__seed503029,0.062001141666046644
test_unseen_family,Default FR,2026,test_unseen_family__random_geometric__large__idx0000__seed504026,0.0599982077805864
test_unseen_family,Default FR,2026,test_unseen_family__random_geometric__large__idx0001__seed504027,0.08270910620771926
test_unseen_family,Default FR,2026,test_unseen_family__random_geometric__large__idx0002__seed504028,0.06834788463903446
test_unseen_family,Default FR,2026,test_unseen_family__random_geometric__large__idx0003__seed504029,0.0831903597627488
test_unseen_family,Default FR,2026,test_unseen_family__clustered__small__idx0000__seed512026,0.11339013536921749
test_unseen_family,Default FR,2026,test_unseen_family__clustered__small__idx0001__seed512027,0.27171973061552923
test_unseen_family,Default FR,2026,test_unseen_family__clustered__small__idx0002__seed512028,0.21757822294091644
test_unseen_family,Default FR,2026,test_unseen_family__clustered__small__idx0003__seed512029,0.1933368011488008
test_unseen_family,Default FR,2026,test_unseen_family__clustered__medium__idx0000__seed513026,0.13964069315143146
test_unseen_family,Default FR,2026,test_unseen_family__clustered__medium__idx0001__seed513027,0.08268993910616129
test_unseen_family,Default FR,2026,test_unseen_family__clustered__medium__idx0002__seed513028,0.12626363633682613
test_unseen_family,Default FR,2026,test_unseen_family__clustered__medium__idx0003__seed513029,0.10483452646793778
test_unseen_family,Default FR,2026,test_unseen_family__clustered__large__idx0000__seed514026,0.09361907433039407
test_unseen_family,Default FR,2026,test_unseen_family__clustered__large__idx0001__seed514027,0.0765058332838795
test_unseen_family,Default FR,2026,test_unseen_family__clustered__large__idx0002__seed514028,0.09621057410945422
test_unseen_family,Default FR,2026,test_unseen_family__clustered__large__idx0003__seed514029,0.10100626040756211
test_unseen_family,Default FR,2026,test_unseen_family__random_geometric__small__idx0000__seed502026,0.06170839304543996
test_unseen_family,Default FR,2026,test_unseen_family__random_geometric__small__idx0001__seed502027,0.11779843013509389
test_unseen_family,Default FR,2026,test_unseen_family__random_geometric__small__idx0002__seed502028,0.14786876403290256
test_unseen_family,Default FR,2026,test_unseen_family__random_geometric__small__idx0003__seed502029,0.10536404180750486
test_unseen_family,Default FR,2026,test_unseen_family__random_geometric__medium__idx0000__seed503026,0.06468024217248725
test_unseen_family,Default FR,2026,test_unseen_family__random_geometric__medium__idx0001__seed503027,0.08929434205946785
test_unseen_family,Random,2026,test_unseen_family__random_geometric__small__idx0000__seed502026,0.06825017378124343
test_unseen_family,Random,2026,test_unseen_family__random_geometric__small__idx0001__seed502027,0.1379989114025575
test_unseen_family,Random,2026,test_unseen_family__random_geometric__small__idx0002__seed502028,0.11134277379965801
test_unseen_family,Random,2026,test_unseen_family__random_geometric__small__idx0003__seed502029,0.0917535601443783
test_unseen_family,Random,2026,test_unseen_family__random_geometric__medium__idx0000__seed503026,0.07912961339886782
test_unseen_family,Random,2026,test_unseen_family__random_geometric__medium__idx0001__seed503027,0.08959589670728452
test_unseen_family,Random,2026,test_unseen_family__random_geometric__medium__idx0002__seed503028,0.0733592889760315
test_unseen_family,Random,2026,test_unseen_family__random_geometric__medium__idx0003__seed503029,0.0495653378817017
test_unseen_family,Random,2026,test_unseen_family__random_geometric__large__idx0000__seed504026,0.05547303204805887
test_unseen_family,Random,2026,test_unseen_family__random_geometric__large__idx0001__seed504027,0.07539282120667196
test_unseen_family,Random,2026,test_unseen_family__random_geometric__large__idx0002__seed504028,0.06566630773528576
test_unseen_family,Random,2026,test_unseen_family__random_geometric__large__idx0003__seed504029,0.08586592700036055
test_unseen_family,Random,2026,test_unseen_family__clustered__small__idx0000__seed512026,0.12890540176035148
test_unseen_family,Random,2026,test_unseen_family__clustered__small__idx0001__seed512027,0.2756605053515965
test_unseen_family,Random,2026,test_unseen_family__clustered__small__idx0002__seed512028,0.19827595558767708
test_unseen_family,Random,2026,test_unseen_family__clustered__small__idx0003__seed512029,0.17677711564245158
test_unseen_family,Random,2026,test_unseen_family__clustered__medium__idx0000__seed513026,0.12815083744360256
test_unseen_family,Random,2026,test_unseen_family__clustered__medium__idx0001__seed513027,0.07686056389301121
test_unseen_family,Random,2026,test_unseen_family__clustered__medium__idx0002__seed513028,0.11648352838611697
test_unseen_family,Random,2026,test_unseen_family__clustered__medium__idx0003__seed513029,0.09438613773721483
test_unseen_family,Random,2026,test_unseen_family__clustered__large__idx0000__seed514026,0.0853318029713368
test_unseen_family,Random,2026,test_unseen_family__clustered__large__idx0001__seed514027,0.07803679847773715
test_unseen_family,Random,2026,test_unseen_family__clustered__large__idx0002__seed514028,0.09979191682906896
test_unseen_family,Random,2026,test_unseen_family__clustered__large__idx0003__seed514029,0.08958974426792454
test_unseen_family,Random,2026,test_unseen_family__random_geometric__small__idx0000__seed502026,0.07335270565874963
test_unseen_family,Random,2026,test_unseen_family__random_geometric__small__idx0001__seed502027,0.11980001196690832
test_unseen_family,Random,2026,test_unseen_family__random_geometric__small__idx0002__seed502028,0.12384758463628193
test_unseen_family,Random,2026,test_unseen_family__random_geometric__small__idx0003__seed502029,0.10450280722939248
test_unseen_family,Random,2026,test_unseen_family__random_geometric__medium__idx0000__seed503026,0.06439740952867323
test_unseen_family,Random,2026,test_unseen_family__random_geometric__medium__idx0001__seed503027,0.08723640834929614
test_unseen_family,Best fixed,2026,test_unseen_family__random_geometric__small__idx0000__seed502026,0.06700906348494906
test_unseen_family,Best fixed,2026,test_unseen_family__random_geometric__small__idx0001__seed502027,0.1508692494519679
test_unseen_family,Best fixed,2026,test_unseen_family__random_geometric__small__idx0002__seed502028,0.11523927604018153
test_unseen_family,Best fixed,2026,test_unseen_family__random_geometric__small__idx0003__seed502029,0.0974645215932024
test_unseen_family,Best fixed,2026,test_unseen_family__random_geometric__medium__idx0000__seed503026,0.09901479664609625
test_unseen_family,Best fixed,2026,test_unseen_family__random_geometric__medium__idx0001__seed503027,0.0880286853212815
test_unseen_family,Best fixed,2026,test_unseen_family__random_geometric__medium__idx0002__seed503028,0.0869192410226044
test_unseen_family,Best fixed,2026,test_unseen_family__random_geometric__medium__idx0003__seed503029,0.08062586826925411
test_unseen_family,Best fixed,2026,test_unseen_family__random_geometric__large__idx0000__seed504026,0.0664655826048498
test_unseen_family,Best fixed,2026,test_unseen_family__random_geometric__large__idx0001__seed504027,0.09240679333749541
test_unseen_family,Best fixed,2026,test_unseen_family__random_geometric__large__idx0002__seed504028,0.07674196319150389
test_unseen_family,Best fixed,2026,test_unseen_family__random_geometric__large__idx0003__seed504029,0.09425907154429902
test_unseen_family,Best fixed,2026,test_unseen_family__clustered__small__idx0000__seed512026,0.134316656880062
test_unseen_family,Best fixed,2026,test_unseen_family__clustered__small__idx0001__seed512027,0.2909901672943255
test_unseen_family,Best fixed,2026,test_unseen_family__clustered__small__idx0002__seed512028,0.181665179238637
test_unseen_family,Best fixed,2026,test_unseen_family__clustered__small__idx0003__seed512029,0.18104165781326265
test_unseen_family,Best fixed,2026,test_unseen_family__clustered__medium__idx0000__seed513026,0.14921737257928924
test_unseen_family,Best fixed,2026,test_unseen_family__clustered__medium__idx0001__seed513027,0.07478234053284016
test_unseen_family,Best fixed,2026,test_unseen_family__clustered__medium__idx0002__seed513028,0.1276705472504448
test_unseen_family,Best fixed,2026,test_unseen_family__clustered__medium__idx0003__seed513029,0.10816284750459804
test_unseen_family,Best fixed,2026,test_unseen_family__clustered__large__idx0000__seed514026,0.09675851034106064
test_unseen_family,Best fixed,2026,test_unseen_family__clustered__large__idx0001__seed514027,0.08129371518717277
test_unseen_family,Best fixed,2026,test_unseen_family__clustered__large__idx0002__seed514028,0.10029849883494246
test_unseen_family,Best fixed,2026,test_unseen_family__clustered__large__idx0003__seed514029,0.10107509922324565
test_unseen_family,Best fixed,2026,test_unseen_family__random_geometric__small__idx0000__seed502026,0.0725279627986869
test_unseen_family,Best fixed,2026,test_unseen_family__random_geometric__small__idx0001__seed502027,0.14044830792052204
test_unseen_family,Best fixed,2026,test_unseen_family__random_geometric__small__idx0002__seed502028,0.12409295192212816
test_unseen_family,Best fixed,2026,test_unseen_family__random_geometric__small__idx0003__seed502029,0.09980526679143137
test_unseen_family,Best fixed,2026,test_unseen_family__random_geometric__medium__idx0000__seed503026,0.08189375897306306
test_unseen_family,Best fixed,2026,test_unseen_family__random_geometric__medium__idx0001__seed503027,0.10268825405993864
test_unseen_family,PPO,2026,test_unseen_family__random_geometric__small__idx0000__seed502026,0.07664256053044205
test_unseen_family,PPO,2026,test_unseen_family__random_geometric__small__idx0001__seed502027,0.13258401867914693
test_unseen_family,PPO,2026,test_unseen_family__random_geometric__small__idx0002__seed502028,0.12055969711725883
test_unseen_family,PPO,2026,test_unseen_family__random_geometric__small__idx0003__seed502029,0.09129188192387161
test_unseen_family,PPO,2026,test_unseen_family__random_geometric__medium__idx0000__seed503026,0.09718112874344553
test_unseen_family,PPO,2026,test_unseen_family__random_geometric__medium__idx0001__seed503027,0.08553539646107611
test_unseen_family,PPO,2026,test_unseen_family__random_geometric__medium__idx0002__seed503028,0.08737503060742724
test_unseen_family,PPO,2026,test_unseen_family__random_geometric__medium__idx0003__seed503029,0.07588118997146054
test_unseen_family,PPO,2026,test_unseen_family__random_geometric__large__idx0000__seed504026,0.05904011938470333
test_unseen_family,PPO,2026,test_unseen_family__random_geometric__large__idx0001__seed504027,0.0903575144972209
test_unseen_family,PPO,2026,test_unseen_family__random_geometric__large__idx0002__seed504028,0.08032163108251028
test_unseen_family,PPO,2026,test_unseen_family__random_geometric__large__idx0003__seed504029,0.09551409779321629
test_unseen_family,PPO,2026,test_unseen_family__clustered__small__idx0000__seed512026,0.13584721302665792
test_unseen_family,PPO,2026,test_unseen_family__clustered__small__idx0001__seed512027,0.2963284330305117
test_unseen_family,PPO,2026,test_unseen_family__clustered__small__idx0002__seed512028,0.22289436554330455
test_unseen_family,PPO,2026,test_unseen_family__clustered__small__idx0003__seed512029,0.19856056242475784
test_unseen_family,PPO,2026,test_unseen_family__clustered__medium__idx0000__seed513026,0.14967406264519167
test_unseen_family,PPO,2026,test_unseen_family__clustered__medium__idx0001__seed513027,0.08186766780895349
test_unseen_family,PPO,2026,test_unseen_family__clustered__medium__idx0002__seed513028,0.12730382364470116
test_unseen_family,PPO,2026,test_unseen_family__clustered__medium__idx0003__seed513029,0.1097910621013769
test_unseen_family,PPO,2026,test_unseen_family__clustered__large__idx0000__seed514026,0.09687225140526234
test_unseen_family,PPO,2026,test_unseen_family__clustered__large__idx0001__seed514027,0.07543183845366697
test_unseen_family,PPO,2026,test_unseen_family__clustered__large__idx0002__seed514028,0.095493791789944
test_unseen_family,PPO,2026,test_unseen_family__clustered__large__idx0003__seed514029,0.10154361300116321
test_unseen_family,PPO,2026,test_unseen_family__random_geometric__small__idx0000__seed502026,0.06170839304543996
test_unseen_family,PPO,2026,test_unseen_family__random_geometric__small__idx0001__seed502027,0.11779843013509389
test_unseen_family,PPO,2026,test_unseen_family__random_geometric__small__idx0002__seed502028,0.14786876403290256
test_unseen_family,PPO,2026,test_unseen_family__random_geometric__small__idx0003__seed502029,0.10536404180750486
test_unseen_family,PPO,2026,test_unseen_family__random_geometric__medium__idx0000__seed503026,0.08296598998700455
test_unseen_family,PPO,2026,test_unseen_family__random_geometric__medium__idx0001__seed503027,0.08929434205946785
test_unseen_family,Default FR,2027,test_unseen_family__random_geometric__small__idx0000__seed502026,0.1236436192005882
test_unseen_family,Default FR,2027,test_unseen_family__random_geometric__small__idx0001__seed502027,0.15328684555107425
test_unseen_family,Default FR,2027,test_unseen_family__random_geometric__small__idx0002__seed502028,0.11895486463114219
test_unseen_family,Default FR,2027,test_unseen_family__random_geometric__small__idx0003__seed502029,0.08803589183494259
test_unseen_family,Default FR,2027,test_unseen_family__random_geometric__medium__idx0000__seed503026,0.06361960863978305
test_unseen_family,Default FR,2027,test_unseen_family__random_geometric__medium__idx0001__seed503027,0.0823266091818381
test_unseen_family,Default FR,2027,test_unseen_family__random_geometric__medium__idx0002__seed503028,0.08304758717646243
test_unseen_family,Default FR,2027,test_unseen_family__random_geometric__medium__idx0003__seed503029,0.08043257780956353
test_unseen_family,Default FR,2027,test_unseen_family__random_geometric__large__idx0000__seed504026,0.051910141757577966
test_unseen_family,Default FR,2027,test_unseen_family__random_geometric__large__idx0001__seed504027,0.08669147101275093
test_unseen_family,Default FR,2027,test_unseen_family__random_geometric__large__idx0002__seed504028,0.09198445388659388
test_unseen_family,Default FR,2027,test_unseen_family__random_geometric__large__idx0003__seed504029,0.07197041520513364
test_unseen_family,Default FR,2027,test_unseen_family__clustered__small__idx0000__seed512026,0.09735675354474682
test_unseen_family,Default FR,2027,test_unseen_family__clustered__small__idx0001__seed512027,0.31025169290659593
test_unseen_family,Default FR,2027,test_unseen_family__clustered__small__idx0002__seed512028,0.21040070513024933
test_unseen_family,Default FR,2027,test_unseen_family__clustered__small__idx0003__seed512029,0.21873132295119896
test_unseen_family,Default FR,2027,test_unseen_family__clustered__medium__idx0000__seed513026,0.12748977229671377
test_unseen_family,Default FR,2027,test_unseen_family__clustered__medium__idx0001__seed513027,0.15068366633407554
test_unseen_family,Default FR,2027,test_unseen_family__clustered__medium__idx0002__seed513028,0.12918199343150555
test_unseen_family,Default FR,2027,test_unseen_family__clustered__medium__idx0003__seed513029,0.12032209442703667
test_unseen_family,Default FR,2027,test_unseen_family__clustered__large__idx0000__seed514026,0.09336512401330427
test_unseen_family,Default FR,2027,test_unseen_family__clustered__large__idx0001__seed514027,0.07915349559604873
test_unseen_family,Default FR,2027,test_unseen_family__clustered__large__idx0002__seed514028,0.106394921770678
test_unseen_family,Default FR,2027,test_unseen_family__clustered__large__idx0003__seed514029,0.0837160744487867
test_unseen_family,Default FR,2027,test_unseen_family__random_geometric__small__idx0000__seed502026,0.06548374960988346
test_unseen_family,Default FR,2027,test_unseen_family__random_geometric__small__idx0001__seed502027,0.12499261096824327
test_unseen_family,Default FR,2027,test_unseen_family__random_geometric__small__idx0002__seed502028,0.08949222146041508
test_unseen_family,Default FR,2027,test_unseen_family__random_geometric__small__idx0003__seed502029,0.07978951081249419
test_unseen_family,Default FR,2027,test_unseen_family__random_geometric__medium__idx0000__seed503026,0.05853599114065866
test_unseen_family,Default FR,2027,test_unseen_family__random_geometric__medium__idx0001__seed503027,0.08976943945203153
test_unseen_family,Random,2027,test_unseen_family__random_geometric__small__idx0000__seed502026,0.1093522981427194
test_unseen_family,Random,2027,test_unseen_family__random_geometric__small__idx0001__seed502027,0.14898634290275353
test_unseen_family,Random,2027,test_unseen_family__random_geometric__small__idx0002__seed502028,0.09882029878820403
test_unseen_family,Random,2027,test_unseen_family__random_geometric__small__idx0003__seed502029,0.07840338061241364
test_unseen_family,Random,2027,test_unseen_family__random_geometric__medium__idx0000__seed503026,0.07646001846994782
test_unseen_family,Random,2027,test_unseen_family__random_geometric__medium__idx0001__seed503027,0.0676278570360237
test_unseen_family,Random,2027,test_unseen_family__random_geometric__medium__idx0002__seed503028,0.09327601965796828
test_unseen_family,Random,2027,test_unseen_family__random_geometric__medium__idx0003__seed503029,0.0799913339718969
test_unseen_family,Random,2027,test_unseen_family__random_geometric__large__idx0000__seed504026,0.0517847112639635
test_unseen_family,Random,2027,test_unseen_family__random_geometric__large__idx0001__seed504027,0.08485645712681938
test_unseen_family,Random,2027,test_unseen_family__random_geometric__large__idx0002__seed504028,0.08740042543874887
test_unseen_family,Random,2027,test_unseen_family__random_geometric__large__idx0003__seed504029,0.070105505523605
test_unseen_family,Random,2027,test_unseen_family__clustered__small__idx0000__seed512026,0.09451288111846479
test_unseen_family,Random,2027,test_unseen_family__clustered__small__idx0001__seed512027,0.3138151199766457
test_unseen_family,Random,2027,test_unseen_family__clustered__small__idx0002__seed512028,0.2104817910939214
test_unseen_family,Random,2027,test_unseen_family__clustered__small__idx0003__seed512029,0.20615981016173096
test_unseen_family,Random,2027,test_unseen_family__clustered__medium__idx0000__seed513026,0.11024462335632546
test_unseen_family,Random,2027,test_unseen_family__clustered__medium__idx0001__seed513027,0.15997057997862768
test_unseen_family,Random,2027,test_unseen_family__clustered__medium__idx0002__seed513028,0.13735437228585318
test_unseen_family,Random,2027,test_unseen_family__clustered__medium__idx0003__seed513029,0.1251049484694503
test_unseen_family,Random,2027,test_unseen_family__clustered__large__idx0000__seed514026,0.09525290096777023
test_unseen_family,Random,2027,test_unseen_family__clustered__large__idx0001__seed514027,0.08046616237845255
test_unseen_family,Random,2027,test_unseen_family__clustered__large__idx0002__seed514028,0.0847908982511566
test_unseen_family,Random,2027,test_unseen_family__clustered__large__idx0003__seed514029,0.0999393051609061
test_unseen_family,Random,2027,test_unseen_family__random_geometric__small__idx0000__seed502026,0.05620010990303925
test_unseen_family,Random,2027,test_unseen_family__random_geometric__small__idx0001__seed502027,0.1128362621623425
test_unseen_family,Random,2027,test_unseen_family__random_geometric__small__idx0002__seed502028,0.11982867622393839
test_unseen_family,Random,2027,test_unseen_family__random_geometric__small__idx0003__seed502029,0.07078690234333629
test_unseen_family,Random,2027,test_unseen_family__random_geometric__medium__idx0000__seed503026,0.05568975786644437
test_unseen_family,Random,2027,test_unseen_family__random_geometric__medium__idx0001__seed503027,0.09350257907275294
test_unseen_family,Best fixed,2027,test_unseen_family__random_geometric__small__idx0000__seed502026,0.11258028234816386
test_unseen_family,Best fixed,2027,test_unseen_family__random_geometric__small__idx0001__seed502027,0.14119692193859396
test_unseen_family,Best fixed,2027,test_unseen_family__random_geometric__small__idx0002__seed502028,0.12387975456902217
test_unseen_family,Best fixed,2027,test_unseen_family__random_geometric__small__idx0003__seed502029,0.087218260883061
test_unseen_family,Best fixed,2027,test_unseen_family__random_geometric__medium__idx0000__seed503026,0.06833496779752285
test_unseen_family,Best fixed,2027,test_unseen_family__random_geometric__medium__idx0001__seed503027,0.059224361659661606
test_unseen_family,Best fixed,2027,test_unseen_family__random_geometric__medium__idx0002__seed503028,0.0998137523461976
test_unseen_family,Best fixed,2027,test_unseen_family__random_geometric__medium__idx0003__seed503029,0.0948989736987274
test_unseen_family,Best fixed,2027,test_unseen_family__random_geometric__large__idx0000__seed504026,0.06516247202135056
test_unseen_family,Best fixed,2027,test_unseen_family__random_geometric__large__idx0001__seed504027,0.09916843660134039
test_unseen_family,Best fixed,2027,test_unseen_family__random_geometric__large__idx0002__seed504028,0.09103256439479207
test_unseen_family,Best fixed,2027,test_unseen_family__random_geometric__large__idx0003__seed504029,0.08082501187877406
test_unseen_family,Best fixed,2027,test_unseen_family__clustered__small__idx0000__seed512026,0.10389891226004444
test_unseen_family,Best fixed,2027,test_unseen_family__clustered__small__idx0001__seed512027,0.32415247357143195
test_unseen_family,Best fixed,2027,test_unseen_family__clustered__small__idx0002__seed512028,0.21275462182795934
test_unseen_family,Best fixed,2027,test_unseen_family__clustered__small__idx0003__seed512029,0.2360140988094262
test_unseen_family,Best fixed,2027,test_unseen_family__clustered__medium__idx0000__seed513026,0.1418114145764815
test_unseen_family,Best fixed,2027,test_unseen_family__clustered__medium__idx0001__seed513027,0.15201291447098414
test_unseen_family,Best fixed,2027,test_unseen_family__clustered__medium__idx0002__seed513028,0.13729683674041643
test_unseen_family,Best fixed,2027,test_unseen_family__clustered__medium__idx0003__seed513029,0.12779445055070926
test_unseen_family,Best fixed,2027,test_unseen_family__clustered__large__idx0000__seed514026,0.094740521845675
test_unseen_family,Best fixed,2027,test_unseen_family__clustered__large__idx0001__seed514027,0.08174184067488693
test_unseen_family,Best fixed,2027,test_unseen_family__clustered__large__idx0002__seed514028,0.11143348411451592
test_unseen_family,Best fixed,2027,test_unseen_family__clustered__large__idx0003__seed514029,0.1025256731495483
test_unseen_family,Best fixed,2027,test_unseen_family__random_geometric__small__idx0000__seed502026,0.06557740944489698
test_unseen_family,Best fixed,2027,test_unseen_family__random_geometric__small__idx0001__seed502027,0.13700617697588996
test_unseen_family,Best fixed,2027,test_unseen_family__random_geometric__small__idx0002__seed502028,0.0994068409508771
test_unseen_family,Best fixed,2027,test_unseen_family__random_geometric__small__idx0003__seed502029,0.0772838136034153
test_unseen_family,Best fixed,2027,test_unseen_family__random_geometric__medium__idx0000__seed503026,0.08818341233257176
test_unseen_family,Best fixed,2027,test_unseen_family__random_geometric__medium__idx0001__seed503027,0.10374621200538059
test_unseen_family,PPO,2027,test_unseen_family__random_geometric__small__idx0000__seed502026,0.12469866705326671
test_unseen_family,PPO,2027,test_unseen_family__random_geometric__small__idx0001__seed502027,0.1404639588990963
test_unseen_family,PPO,2027,test_unseen_family__random_geometric__small__idx0002__seed502028,0.10115972586555938
test_unseen_family,PPO,2027,test_unseen_family__random_geometric__small__idx0003__seed502029,0.08738160585376892
test_unseen_family,PPO,2027,test_unseen_family__random_geometric__medium__idx0000__seed503026,0.07481535303797376
test_unseen_family,PPO,2027,test_unseen_family__random_geometric__medium__idx0001__seed503027,0.0888220679611702
test_unseen_family,PPO,2027,test_unseen_family__random_geometric__medium__idx0002__seed503028,0.09819191491221024
test_unseen_family,PPO,2027,test_unseen_family__random_geometric__medium__idx0003__seed503029,0.09034856923810258
test_unseen_family,PPO,2027,test_unseen_family__random_geometric__large__idx0000__seed504026,0.07887249726450624
test_unseen_family,PPO,2027,test_unseen_family__random_geometric__large__idx0001__seed504027,0.09766427965089769
test_unseen_family,PPO,2027,test_unseen_family__random_geometric__large__idx0002__seed504028,0.09587778066574743
test_unseen_family,PPO,2027,test_unseen_family__random_geometric__large__idx0003__seed504029,0.09236496701767433
test_unseen_family,PPO,2027,test_unseen_family__clustered__small__idx0000__seed512026,0.1072109695547051
test_unseen_family,PPO,2027,test_unseen_family__clustered__small__idx0001__seed512027,0.3212367042424593
test_unseen_family,PPO,2027,test_unseen_family__clustered__small__idx0002__seed512028,0.2166367493002722
test_unseen_family,PPO,2027,test_unseen_family__clustered__small__idx0003__seed512029,0.2405244553512917
test_unseen_family,PPO,2027,test_unseen_family__clustered__medium__idx0000__seed513026,0.13377502889519344
test_unseen_family,PPO,2027,test_unseen_family__clustered__medium__idx0001__seed513027,0.1607264500570706
test_unseen_family,PPO,2027,test_unseen_family__clustered__medium__idx0002__seed513028,0.1410019624432421
test_unseen_family,PPO,2027,test_unseen_family__clustered__medium__idx0003__seed513029,0.13072448539743864
test_unseen_family,PPO,2027,test_unseen_family__clustered__large__idx0000__seed514026,0.09615764856102854
test_unseen_family,PPO,2027,test_unseen_family__clustered__large__idx0001__seed514027,0.08445828046270482
test_unseen_family,PPO,2027,test_unseen_family__clustered__large__idx0002__seed514028,0.1004741587479494
test_unseen_family,PPO,2027,test_unseen_family__clustered__large__idx0003__seed514029,0.08905570541302232
test_unseen_family,PPO,2027,test_unseen_family__random_geometric__small__idx0000__seed502026,0.0635211947120855
test_unseen_family,PPO,2027,test_unseen_family__random_geometric__small__idx0001__seed502027,0.1349557222286903
test_unseen_family,PPO,2027,test_unseen_family__random_geometric__small__idx0002__seed502028,0.10336554826717909
test_unseen_family,PPO,2027,test_unseen_family__random_geometric__small__idx0003__seed502029,0.08292439826854403
test_unseen_family,PPO,2027,test_unseen_family__random_geometric__medium__idx0000__seed503026,0.08457068277285684
test_unseen_family,PPO,2027,test_unseen_family__random_geometric__medium__idx0001__seed503027,0.10900036867555674
test_unseen_family,Default FR,2028,test_unseen_family__random_geometric__small__idx0000__seed502026,0.05763821031156957
test_unseen_family,Default FR,2028,test_unseen_family__random_geometric__small__idx0001__seed502027,0.14406318571994314
test_unseen_family,Default FR,2028,test_unseen_family__random_geometric__small__idx0002__seed502028,0.1349039430719864
test_unseen_family,Default FR,2028,test_unseen_family__random_geometric__small__idx0003__seed502029,0.10920308480106833
test_unseen_family,Default FR,2028,test_unseen_family__random_geometric__medium__idx0000__seed503026,0.07462483169786621
test_unseen_family,Default FR,2028,test_unseen_family__random_geometric__medium__idx0001__seed503027,0.09644780869679387
test_unseen_family,Default FR,2028,test_unseen_family__random_geometric__medium__idx0002__seed503028,0.08130646455542506
test_unseen_family,Default FR,2028,test_unseen_family__random_geometric__medium__idx0003__seed503029,0.10063427707884598
test_unseen_family,Default FR,2028,test_unseen_family__random_geometric__large__idx0000__seed504026,0.06913078040268938
test_unseen_family,Default FR,2028,test_unseen_family__random_geometric__large__idx0001__seed504027,0.06213927497552668
test_unseen_family,Default FR,2028,test_unseen_family__random_geometric__large__idx0002__seed504028,0.10256473166969587
test_unseen_family,Default FR,2028,test_unseen_family__random_geometric__large__idx0003__seed504029,0.07377438167070627
test_unseen_family,Default FR,2028,test_unseen_family__clustered__small__idx0000__seed512026,0.12615787295702602
test_unseen_family,Default FR,2028,test_unseen_family__clustered__small__idx0001__seed512027,0.19649564589801372
test_unseen_family,Default FR,2028,test_unseen_family__clustered__small__idx0002__seed512028,0.19597267454985234
test_unseen_family,Default FR,2028,test_unseen_family__clustered__small__idx0003__seed512029,0.1692972918142629
test_unseen_family,Default FR,2028,test_unseen_family__clustered__medium__idx0000__seed513026,0.18259725637689384
test_unseen_family,Default FR,2028,test_unseen_family__clustered__medium__idx0001__seed513027,0.1099034281171139
test_unseen_family,Default FR,2028,test_unseen_family__clustered__medium__idx0002__seed513028,0.10123024348676157
test_unseen_family,Default FR,2028,test_unseen_family__clustered__medium__idx0003__seed513029,0.12620543530771983
test_unseen_family,Default FR,2028,test_unseen_family__clustered__large__idx0000__seed514026,0.09112251536502047
test_unseen_family,Default FR,2028,test_unseen_family__clustered__large__idx0001__seed514027,0.09038112375021484
test_unseen_family,Default FR,2028,test_unseen_family__clustered__large__idx0002__seed514028,0.09579511428510246
test_unseen_family,Default FR,2028,test_unseen_family__clustered__large__idx0003__seed514029,0.10435996223877642
test_unseen_family,Default FR,2028,test_unseen_family__random_geometric__small__idx0000__seed502026,0.08640848860595518
test_unseen_family,Default FR,2028,test_unseen_family__random_geometric__small__idx0001__seed502027,0.14975646842448498
test_unseen_family,Default FR,2028,test_unseen_family__random_geometric__small__idx0002__seed502028,0.08537264289751445
test_unseen_family,Default FR,2028,test_unseen_family__random_geometric__small__idx0003__seed502029,0.0721106180483101
test_unseen_family,Default FR,2028,test_unseen_family__random_geometric__medium__idx0000__seed503026,0.0647181903180244
test_unseen_family,Default FR,2028,test_unseen_family__random_geometric__medium__idx0001__seed503027,0.09297216028780564
test_unseen_family,Random,2028,test_unseen_family__random_geometric__small__idx0000__seed502026,0.05650943367911632
test_unseen_family,Random,2028,test_unseen_family__random_geometric__small__idx0001__seed502027,0.14487873063708245
test_unseen_family,Random,2028,test_unseen_family__random_geometric__small__idx0002__seed502028,0.12022685117045495
test_unseen_family,Random,2028,test_unseen_family__random_geometric__small__idx0003__seed502029,0.10206116693278278
test_unseen_family,Random,2028,test_unseen_family__random_geometric__medium__idx0000__seed503026,0.07607761297094323
test_unseen_family,Random,2028,test_unseen_family__random_geometric__medium__idx0001__seed503027,0.09709181671806794
test_unseen_family,Random,2028,test_unseen_family__random_geometric__medium__idx0002__seed503028,0.0817128764290796
test_unseen_family,Random,2028,test_unseen_family__random_geometric__medium__idx0003__seed503029,0.09991573880881888
test_unseen_family,Random,2028,test_unseen_family__random_geometric__large__idx0000__seed504026,0.06752970269970848
test_unseen_family,Random,2028,test_unseen_family__random_geometric__large__idx0001__seed504027,0.046520569682044266
test_unseen_family,Random,2028,test_unseen_family__random_geometric__large__idx0002__seed504028,0.10080892972877492
test_unseen_family,Random,2028,test_unseen_family__random_geometric__large__idx0003__seed504029,0.07385563813282103
test_unseen_family,Random,2028,test_unseen_family__clustered__small__idx0000__seed512026,0.1263621388078719
test_unseen_family,Random,2028,test_unseen_family__clustered__small__idx0001__seed512027,0.19940203057984152
test_unseen_family,Random,2028,test_unseen_family__clustered__small__idx0002__seed512028,0.18552132494348272
test_unseen_family,Random,2028,test_unseen_family__clustered__small__idx0003__seed512029,0.12959678458042
test_unseen_family,Random,2028,test_unseen_family__clustered__medium__idx0000__seed513026,0.17117527404092825
test_unseen_family,Random,2028,test_unseen_family__clustered__medium__idx0001__seed513027,0.10391007663967672
test_unseen_family,Random,2028,test_unseen_family__clustered__medium__idx0002__seed513028,0.11279414763806139
test_unseen_family,Random,2028,test_unseen_family__clustered__medium__idx0003__seed513029,0.10234788805871037
test_unseen_family,Random,2028,test_unseen_family__clustered__large__idx0000__seed514026,0.06816757167595044
test_unseen_family,Random,2028,test_unseen_family__clustered__large__idx0001__seed514027,0.08880566967539077
test_unseen_family,Random,2028,test_unseen_family__clustered__large__idx0002__seed514028,0.09596737769020303
test_unseen_family,Random,2028,test_unseen_family__clustered__large__idx0003__seed514029,0.075446806836173
test_unseen_family,Random,2028,test_unseen_family__random_geometric__small__idx0000__seed502026,0.08888793994118915
test_unseen_family,Random,2028,test_unseen_family__random_geometric__small__idx0001__seed502027,0.14185066509894384
test_unseen_family,Random,2028,test_unseen_family__random_geometric__small__idx0002__seed502028,0.08679446400144442
test_unseen_family,Random,2028,test_unseen_family__random_geometric__small__idx0003__seed502029,0.07529079211518241
test_unseen_family,Random,2028,test_unseen_family__random_geometric__medium__idx0000__seed503026,0.07192306109504931
test_unseen_family,Random,2028,test_unseen_family__random_geometric__medium__idx0001__seed503027,0.09693901511816627
test_unseen_family,Best fixed,2028,test_unseen_family__random_geometric__small__idx0000__seed502026,0.05876019384121711
test_unseen_family,Best fixed,2028,test_unseen_family__random_geometric__small__idx0001__seed502027,0.15937151860660403
test_unseen_family,Best fixed,2028,test_unseen_family__random_geometric__small__idx0002__seed502028,0.12558849791911464
test_unseen_family,Best fixed,2028,test_unseen_family__random_geometric__small__idx0003__seed502029,0.11811510327538466
test_unseen_family,Best fixed,2028,test_unseen_family__random_geometric__medium__idx0000__seed503026,0.08883369992194284
test_unseen_family,Best fixed,2028,test_unseen_family__random_geometric__medium__idx0001__seed503027,0.10284581552304634
test_unseen_family,Best fixed,2028,test_unseen_family__random_geometric__medium__idx0002__seed503028,0.10752892453550184
test_unseen_family,Best fixed,2028,test_unseen_family__random_geometric__medium__idx0003__seed503029,0.11505924983375326
test_unseen_family,Best fixed,2028,test_unseen_family__random_geometric__large__idx0000__seed504026,0.07943289217746985
test_unseen_family,Best fixed,2028,test_unseen_family__random_geometric__large__idx0001__seed504027,0.05231415999779704
test_unseen_family,Best fixed,2028,test_unseen_family__random_geometric__large__idx0002__seed504028,0.10278356523990478
test_unseen_family,Best fixed,2028,test_unseen_family__random_geometric__large__idx0003__seed504029,0.07381142404146968
test_unseen_family,Best fixed,2028,test_unseen_family__clustered__small__idx0000__seed512026,0.15477032372142324
test_unseen_family,Best fixed,2028,test_unseen_family__clustered__small__idx0001__seed512027,0.2115711730439226
test_unseen_family,Best fixed,2028,test_unseen_family__clustered__small__idx0002__seed512028,0.2103913790777152
test_unseen_family,Best fixed,2028,test_unseen_family__clustered__small__idx0003__seed512029,0.16904421520585344
test_unseen_family,Best fixed,2028,test_unseen_family__clustered__medium__idx0000__seed513026,0.17311638491171688
test_unseen_family,Best fixed,2028,test_unseen_family__clustered__medium__idx0001__seed513027,0.11133842572006775
test_unseen_family,Best fixed,2028,test_unseen_family__clustered__medium__idx0002__seed513028,0.11726541061661089
test_unseen_family,Best fixed,2028,test_unseen_family__clustered__medium__idx0003__seed513029,0.13298414108847317
test_unseen_family,Best fixed,2028,test_unseen_family__clustered__large__idx0000__seed514026,0.08946159949629462
test_unseen_family,Best fixed,2028,test_unseen_family__clustered__large__idx0001__seed514027,0.09399917401801089
test_unseen_family,Best fixed,2028,test_unseen_family__clustered__large__idx0002__seed514028,0.09709366651448259
test_unseen_family,Best fixed,2028,test_unseen_family__clustered__large__idx0003__seed514029,0.09970369831119541
test_unseen_family,Best fixed,2028,test_unseen_family__random_geometric__small__idx0000__seed502026,0.0909977433420125
test_unseen_family,Best fixed,2028,test_unseen_family__random_geometric__small__idx0001__seed502027,0.13333352115023633
test_unseen_family,Best fixed,2028,test_unseen_family__random_geometric__small__idx0002__seed502028,0.08137171171214186
test_unseen_family,Best fixed,2028,test_unseen_family__random_geometric__small__idx0003__seed502029,0.0696760079263592
test_unseen_family,Best fixed,2028,test_unseen_family__random_geometric__medium__idx0000__seed503026,0.09390531982362038
test_unseen_family,Best fixed,2028,test_unseen_family__random_geometric__medium__idx0001__seed503027,0.09540360306156459
test_unseen_family,PPO,2028,test_unseen_family__random_geometric__small__idx0000__seed502026,0.05763821031156957
test_unseen_family,PPO,2028,test_unseen_family__random_geometric__small__idx0001__seed502027,0.14424186847976128
test_unseen_family,PPO,2028,test_unseen_family__random_geometric__small__idx0002__seed502028,0.1349039430719864
test_unseen_family,PPO,2028,test_unseen_family__random_geometric__small__idx0003__seed502029,0.11368757884045377
test_unseen_family,PPO,2028,test_unseen_family__random_geometric__medium__idx0000__seed503026,0.08862739320810048
test_unseen_family,PPO,2028,test_unseen_family__random_geometric__medium__idx0001__seed503027,0.09912853165473162
test_unseen_family,PPO,2028,test_unseen_family__random_geometric__medium__idx0002__seed503028,0.08986801187336896
test_unseen_family,PPO,2028,test_unseen_family__random_geometric__medium__idx0003__seed503029,0.11038259516124349
test_unseen_family,PPO,2028,test_unseen_family__random_geometric__large__idx0000__seed504026,0.07542753864337604
test_unseen_family,PPO,2028,test_unseen_family__random_geometric__large__idx0001__seed504027,0.07504480184406132
test_unseen_family,PPO,2028,test_unseen_family__random_geometric__large__idx0002__seed504028,0.1044108366835324
test_unseen_family,PPO,2028,test_unseen_family__random_geometric__large__idx0003__seed504029,0.08079492856420045
test_unseen_family,PPO,2028,test_unseen_family__clustered__small__idx0000__seed512026,0.13265859901299665
test_unseen_family,PPO,2028,test_unseen_family__clustered__small__idx0001__seed512027,0.209761728059354
test_unseen_family,PPO,2028,test_unseen_family__clustered__small__idx0002__seed512028,0.20333185144879684
test_unseen_family,PPO,2028,test_unseen_family__clustered__small__idx0003__seed512029,0.1901555046380976
test_unseen_family,PPO,2028,test_unseen_family__clustered__medium__idx0000__seed513026,0.17698470559572776
test_unseen_family,PPO,2028,test_unseen_family__clustered__medium__idx0001__seed513027,0.1110182822132198
test_unseen_family,PPO,2028,test_unseen_family__clustered__medium__idx0002__seed513028,0.10697851071703246
test_unseen_family,PPO,2028,test_unseen_family__clustered__medium__idx0003__seed513029,0.13790074913901645
test_unseen_family,PPO,2028,test_unseen_family__clustered__large__idx0000__seed514026,0.09263529850517038
test_unseen_family,PPO,2028,test_unseen_family__clustered__large__idx0001__seed514027,0.09237244933380312
test_unseen_family,PPO,2028,test_unseen_family__clustered__large__idx0002__seed514028,0.0962760229218459
test_unseen_family,PPO,2028,test_unseen_family__clustered__large__idx0003__seed514029,0.10169766025814786
test_unseen_family,PPO,2028,test_unseen_family__random_geometric__small__idx0000__seed502026,0.08640848860595518
test_unseen_family,PPO,2028,test_unseen_family__random_geometric__small__idx0001__seed502027,0.15266865029250487
test_unseen_family,PPO,2028,test_unseen_family__random_geometric__small__idx0002__seed502028,0.08537264289751445
test_unseen_family,PPO,2028,test_unseen_family__random_geometric__small__idx0003__seed502029,0.07015430731808303
test_unseen_family,PPO,2028,test_unseen_family__random_geometric__medium__idx0000__seed503026,0.07118695289997523
test_unseen_family,PPO,2028,test_unseen_family__random_geometric__medium__idx0001__seed503027,0.0936073632943496
test_unseen_family,Default FR,2029,test_unseen_family__random_geometric__small__idx0000__seed502026,0.08089425182920484
test_unseen_family,Default FR,2029,test_unseen_family__random_geometric__small__idx0001__seed502027,0.09976128753426539
test_unseen_family,Default FR,2029,test_unseen_family__random_geometric__small__idx0002__seed502028,0.19837817153081444
test_unseen_family,Default FR,2029,test_unseen_family__random_geometric__small__idx0003__seed502029,0.10192641350650467
test_unseen_family,Default FR,2029,test_unseen_family__random_geometric__medium__idx0000__seed503026,0.08049950961588148
test_unseen_family,Default FR,2029,test_unseen_family__random_geometric__medium__idx0001__seed503027,0.09130066974467999
test_unseen_family,Default FR,2029,test_unseen_family__random_geometric__medium__idx0002__seed503028,0.09640797012099978
test_unseen_family,Default FR,2029,test_unseen_family__random_geometric__medium__idx0003__seed503029,0.10357831649630855
test_unseen_family,Default FR,2029,test_unseen_family__random_geometric__large__idx0000__seed504026,0.055458248923607456
test_unseen_family,Default FR,2029,test_unseen_family__random_geometric__large__idx0001__seed504027,0.06530925641731272
test_unseen_family,Default FR,2029,test_unseen_family__random_geometric__large__idx0002__seed504028,0.09450448557922264
test_unseen_family,Default FR,2029,test_unseen_family__random_geometric__large__idx0003__seed504029,0.07029933193090449
test_unseen_family,Default FR,2029,test_unseen_family__clustered__small__idx0000__seed512026,0.12688219520338645
test_unseen_family,Default FR,2029,test_unseen_family__clustered__small__idx0001__seed512027,0.2682223332823812
test_unseen_family,Default FR,2029,test_unseen_family__clustered__small__idx0002__seed512028,0.10070961355607055
test_unseen_family,Default FR,2029,test_unseen_family__clustered__small__idx0003__seed512029,0.20091124416882972
test_unseen_family,Default FR,2029,test_unseen_family__clustered__medium__idx0000__seed513026,0.10792641791350199
test_unseen_family,Default FR,2029,test_unseen_family__clustered__medium__idx0001__seed513027,0.10057039976027904
test_unseen_family,Default FR,2029,test_unseen_family__clustered__medium__idx0002__seed513028,0.1180651695345023
test_unseen_family,Default FR,2029,test_unseen_family__clustered__medium__idx0003__seed513029,0.09590330695205906
test_unseen_family,Default FR,2029,test_unseen_family__clustered__large__idx0000__seed514026,0.10555079213975394
test_unseen_family,Default FR,2029,test_unseen_family__clustered__large__idx0001__seed514027,0.08491562252648183
test_unseen_family,Default FR,2029,test_unseen_family__clustered__large__idx0002__seed514028,0.09959430287075005
test_unseen_family,Default FR,2029,test_unseen_family__clustered__large__idx0003__seed514029,0.08738760498154907
test_unseen_family,Default FR,2029,test_unseen_family__random_geometric__small__idx0000__seed502026,0.11156560412895539
test_unseen_family,Default FR,2029,test_unseen_family__random_geometric__small__idx0001__seed502027,0.10607310486079058
test_unseen_family,Default FR,2029,test_unseen_family__random_geometric__small__idx0002__seed502028,0.07099238324990198
test_unseen_family,Default FR,2029,test_unseen_family__random_geometric__small__idx0003__seed502029,0.12684552599158733
test_unseen_family,Default FR,2029,test_unseen_family__random_geometric__medium__idx0000__seed503026,0.07652249985553172
test_unseen_family,Default FR,2029,test_unseen_family__random_geometric__medium__idx0001__seed503027,0.05665169622753552
test_unseen_family,Random,2029,test_unseen_family__random_geometric__small__idx0000__seed502026,0.08667134336750981
test_unseen_family,Random,2029,test_unseen_family__random_geometric__small__idx0001__seed502027,0.09251812659331227
test_unseen_family,Random,2029,test_unseen_family__random_geometric__small__idx0002__seed502028,0.17372946619014157
test_unseen_family,Random,2029,test_unseen_family__random_geometric__small__idx0003__seed502029,0.10826691323653104
test_unseen_family,Random,2029,test_unseen_family__random_geometric__medium__idx0000__seed503026,0.0802177737458305
test_unseen_family,Random,2029,test_unseen_family__random_geometric__medium__idx0001__seed503027,0.07799689525550013
test_unseen_family,Random,2029,test_unseen_family__random_geometric__medium__idx0002__seed503028,0.09574892728899753
test_unseen_family,Random,2029,test_unseen_family__random_geometric__medium__idx0003__seed503029,0.10184244605516202
test_unseen_family,Random,2029,test_unseen_family__random_geometric__large__idx0000__seed504026,0.05353095759579046
test_unseen_family,Random,2029,test_unseen_family__random_geometric__large__idx0001__seed504027,0.06994479612845644
test_unseen_family,Random,2029,test_unseen_family__random_geometric__large__idx0002__seed504028,0.08174011789405
test_unseen_family,Random,2029,test_unseen_family__random_geometric__large__idx0003__seed504029,0.0639503397682803
test_unseen_family,Random,2029,test_unseen_family__clustered__small__idx0000__seed512026,0.12826129320390994
test_unseen_family,Random,2029,test_unseen_family__clustered__small__idx0001__seed512027,0.2681539282118458
test_unseen_family,Random,2029,test_unseen_family__clustered__small__idx0002__seed512028,0.08723359919937856
test_unseen_family,Random,2029,test_unseen_family__clustered__small__idx0003__seed512029,0.22267892936053174
test_unseen_family,Random,2029,test_unseen_family__clustered__medium__idx0000__seed513026,0.13022746654566508
test_unseen_family,Random,2029,test_unseen_family__clustered__medium__idx0001__seed513027,0.10449914875953625
test_unseen_family,Random,2029,test_unseen_family__clustered__medium__idx0002__seed513028,0.10181318553500551
test_unseen_family,Random,2029,test_unseen_family__clustered__medium__idx0003__seed513029,0.10378131633196164
test_unseen_family,Random,2029,test_unseen_family__clustered__large__idx0000__seed514026,0.10377109643983651
test_unseen_family,Random,2029,test_unseen_family__clustered__large__idx0001__seed514027,0.08251518283547493
test_unseen_family,Random,2029,test_unseen_family__clustered__large__idx0002__seed514028,0.10017775917298605
test_unseen_family,Random,2029,test_unseen_family__clustered__large__idx0003__seed514029,0.08404380969614733
test_unseen_family,Random,2029,test_unseen_family__random_geometric__small__idx0000__seed502026,0.09412604506664474
test_unseen_family,Random,2029,test_unseen_family__random_geometric__small__idx0001__seed502027,0.10626072293182687
test_unseen_family,Random,2029,test_unseen_family__random_geometric__small__idx0002__seed502028,0.07492589608278777
test_unseen_family,Random,2029,test_unseen_family__random_geometric__small__idx0003__seed502029,0.12281238662434008
test_unseen_family,Random,2029,test_unseen_family__random_geometric__medium__idx0000__seed503026,0.07294163331436676
test_unseen_family,Random,2029,test_unseen_family__random_geometric__medium__idx0001__seed503027,0.0752244560857871
test_unseen_family,Best fixed,2029,test_unseen_family__random_geometric__small__idx0000__seed502026,0.0827387029666331
test_unseen_family,Best fixed,2029,test_unseen_family__random_geometric__small__idx0001__seed502027,0.09286801255562493
test_unseen_family,Best fixed,2029,test_unseen_family__random_geometric__small__idx0002__seed502028,0.17895562072957133
test_unseen_family,Best fixed,2029,test_unseen_family__random_geometric__small__idx0003__seed502029,0.10440571354898287
test_unseen_family,Best fixed,2029,test_unseen_family__random_geometric__medium__idx0000__seed503026,0.09206347563479411
test_unseen_family,Best fixed,2029,test_unseen_family__random_geometric__medium__idx0001__seed503027,0.0942095076982109
test_unseen_family,Best fixed,2029,test_unseen_family__random_geometric__medium__idx0002__seed503028,0.11893799974619712
test_unseen_family,Best fixed,2029,test_unseen_family__random_geometric__medium__idx0003__seed503029,0.10456981955647171
test_unseen_family,Best fixed,2029,test_unseen_family__random_geometric__large__idx0000__seed504026,0.08084203270297435
test_unseen_family,Best fixed,2029,test_unseen_family__random_geometric__large__idx0001__seed504027,0.07876197921222533
test_unseen_family,Best fixed,2029,test_unseen_family__random_geometric__large__idx0002__seed504028,0.10910616727070999
test_unseen_family,Best fixed,2029,test_unseen_family__random_geometric__large__idx0003__seed504029,0.08300337397868124
test_unseen_family,Best fixed,2029,test_unseen_family__clustered__small__idx0000__seed512026,0.13806901504875407
test_unseen_family,Best fixed,2029,test_unseen_family__clustered__small__idx0001__seed512027,0.28314721120093866
test_unseen_family,Best fixed,2029,test_unseen_family__clustered__small__idx0002__seed512028,0.12970685886365307
test_unseen_family,Best fixed,2029,test_unseen_family__clustered__small__idx0003__seed512029,0.22780963499534762
test_unseen_family,Best fixed,2029,test_unseen_family__clustered__medium__idx0000__seed513026,0.15305310413748918
test_unseen_family,Best fixed,2029,test_unseen_family__clustered__medium__idx0001__seed513027,0.11849948547081879
test_unseen_family,Best fixed,2029,test_unseen_family__clustered__medium__idx0002__seed513028,0.10347413677265316
test_unseen_family,Best fixed,2029,test_unseen_family__clustered__medium__idx0003__seed513029,0.092425621367208
test_unseen_family,Best fixed,2029,test_unseen_family__clustered__large__idx0000__seed514026,0.10031248303792006
test_unseen_family,Best fixed,2029,test_unseen_family__clustered__large__idx0001__seed514027,0.08696170700174893
test_unseen_family,Best fixed,2029,test_unseen_family__clustered__large__idx0002__seed514028,0.09968055123640457
test_unseen_family,Best fixed,2029,test_unseen_family__clustered__large__idx0003__seed514029,0.09360848027638169
test_unseen_family,Best fixed,2029,test_unseen_family__random_geometric__small__idx0000__seed502026,0.1098485588954205
test_unseen_family,Best fixed,2029,test_unseen_family__random_geometric__small__idx0001__seed502027,0.11439172609211778
test_unseen_family,Best fixed,2029,test_unseen_family__random_geometric__small__idx0002__seed502028,0.06334414160758739
test_unseen_family,Best fixed,2029,test_unseen_family__random_geometric__small__idx0003__seed502029,0.11853256695593967
test_unseen_family,Best fixed,2029,test_unseen_family__random_geometric__medium__idx0000__seed503026,0.09122923116508042
test_unseen_family,Best fixed,2029,test_unseen_family__random_geometric__medium__idx0001__seed503027,0.06321603085255756
test_unseen_family,PPO,2029,test_unseen_family__random_geometric__small__idx0000__seed502026,0.07469632191529996
test_unseen_family,PPO,2029,test_unseen_family__random_geometric__small__idx0001__seed502027,0.10898490058669741
test_unseen_family,PPO,2029,test_unseen_family__random_geometric__small__idx0002__seed502028,0.18248513543663553
test_unseen_family,PPO,2029,test_unseen_family__random_geometric__small__idx0003__seed502029,0.10704043215927372
test_unseen_family,PPO,2029,test_unseen_family__random_geometric__medium__idx0000__seed503026,0.09467038902483216
test_unseen_family,PPO,2029,test_unseen_family__random_geometric__medium__idx0001__seed503027,0.10078886062401993
test_unseen_family,PPO,2029,test_unseen_family__random_geometric__medium__idx0002__seed503028,0.10881128920512906
test_unseen_family,PPO,2029,test_unseen_family__random_geometric__medium__idx0003__seed503029,0.11539892076965252
test_unseen_family,PPO,2029,test_unseen_family__random_geometric__large__idx0000__seed504026,0.0602259368162385
test_unseen_family,PPO,2029,test_unseen_family__random_geometric__large__idx0001__seed504027,0.07531297346032534
test_unseen_family,PPO,2029,test_unseen_family__random_geometric__large__idx0002__seed504028,0.10266293000689375
test_unseen_family,PPO,2029,test_unseen_family__random_geometric__large__idx0003__seed504029,0.08107756173353847
test_unseen_family,PPO,2029,test_unseen_family__clustered__small__idx0000__seed512026,0.1449751200306008
test_unseen_family,PPO,2029,test_unseen_family__clustered__small__idx0001__seed512027,0.27458724041546057
test_unseen_family,PPO,2029,test_unseen_family__clustered__small__idx0002__seed512028,0.09926723374958857
test_unseen_family,PPO,2029,test_unseen_family__clustered__small__idx0003__seed512029,0.22521477231580905
test_unseen_family,PPO,2029,test_unseen_family__clustered__medium__idx0000__seed513026,0.13670343268575846
test_unseen_family,PPO,2029,test_unseen_family__clustered__medium__idx0001__seed513027,0.10937717555073734
test_unseen_family,PPO,2029,test_unseen_family__clustered__medium__idx0002__seed513028,0.11477628879141988
test_unseen_family,PPO,2029,test_unseen_family__clustered__medium__idx0003__seed513029,0.10495515149159595
test_unseen_family,PPO,2029,test_unseen_family__clustered__large__idx0000__seed514026,0.1073109324965894
test_unseen_family,PPO,2029,test_unseen_family__clustered__large__idx0001__seed514027,0.08672327047907818
test_unseen_family,PPO,2029,test_unseen_family__clustered__large__idx0002__seed514028,0.10142918064628043
test_unseen_family,PPO,2029,test_unseen_family__clustered__large__idx0003__seed514029,0.08961001587005701
test_unseen_family,PPO,2029,test_unseen_family__random_geometric__small__idx0000__seed502026,0.10159461459526592
test_unseen_family,PPO,2029,test_unseen_family__random_geometric__small__idx0001__seed502027,0.11478471030828696
test_unseen_family,PPO,2029,test_unseen_family__random_geometric__small__idx0002__seed502028,0.06621700203273417
test_unseen_family,PPO,2029,test_unseen_family__random_geometric__small__idx0003__seed502029,0.13702971919614398
test_unseen_family,PPO,2029,test_unseen_family__random_geometric__medium__idx0000__seed503026,0.09020479742591114
test_unseen_family,PPO,2029,test_unseen_family__random_geometric__medium__idx0001__seed503027,0.06203965305263737
test_unseen_family,Default FR,2030,test_unseen_family__random_geometric__small__idx0000__seed502026,0.09270323813481157
test_unseen_family,Default FR,2030,test_unseen_family__random_geometric__small__idx0001__seed502027,0.17124026459235409
test_unseen_family,Default FR,2030,test_unseen_family__random_geometric__small__idx0002__seed502028,0.10085002279318511
test_unseen_family,Default FR,2030,test_unseen_family__random_geometric__small__idx0003__seed502029,0.0971733489655901
test_unseen_family,Default FR,2030,test_unseen_family__random_geometric__medium__idx0000__seed503026,0.08744850916201885
test_unseen_family,Default FR,2030,test_unseen_family__random_geometric__medium__idx0001__seed503027,0.11423376953357528
test_unseen_family,Default FR,2030,test_unseen_family__random_geometric__medium__idx0002__seed503028,0.08281194665935926
test_unseen_family,Default FR,2030,test_unseen_family__random_geometric__medium__idx0003__seed503029,0.0759525740490744
test_unseen_family,Default FR,2030,test_unseen_family__random_geometric__large__idx0000__seed504026,0.08191802013801852
test_unseen_family,Default FR,2030,test_unseen_family__random_geometric__large__idx0001__seed504027,0.0694692252430823
test_unseen_family,Default FR,2030,test_unseen_family__random_geometric__large__idx0002__seed504028,0.07210832525357774
test_unseen_family,Default FR,2030,test_unseen_family__random_geometric__large__idx0003__seed504029,0.08045835246922078
test_unseen_family,Default FR,2030,test_unseen_family__clustered__small__idx0000__seed512026,0.1342118997028322
test_unseen_family,Default FR,2030,test_unseen_family__clustered__small__idx0001__seed512027,0.1623262544825187
test_unseen_family,Default FR,2030,test_unseen_family__clustered__small__idx0002__seed512028,0.16739822183451802
test_unseen_family,Default FR,2030,test_unseen_family__clustered__small__idx0003__seed512029,0.1664468482059459
test_unseen_family,Default FR,2030,test_unseen_family__clustered__medium__idx0000__seed513026,0.15635824507559187
test_unseen_family,Default FR,2030,test_unseen_family__clustered__medium__idx0001__seed513027,0.1086611648855344
test_unseen_family,Default FR,2030,test_unseen_family__clustered__medium__idx0002__seed513028,0.11709518088521431
test_unseen_family,Default FR,2030,test_unseen_family__clustered__medium__idx0003__seed513029,0.12082397659780225
test_unseen_family,Default FR,2030,test_unseen_family__clustered__large__idx0000__seed514026,0.10282165347423794
test_unseen_family,Default FR,2030,test_unseen_family__clustered__large__idx0001__seed514027,0.08490395042649274
test_unseen_family,Default FR,2030,test_unseen_family__clustered__large__idx0002__seed514028,0.08457658327907724
test_unseen_family,Default FR,2030,test_unseen_family__clustered__large__idx0003__seed514029,0.09926131956598255
test_unseen_family,Default FR,2030,test_unseen_family__random_geometric__small__idx0000__seed502026,0.08013164638850073
test_unseen_family,Default FR,2030,test_unseen_family__random_geometric__small__idx0001__seed502027,0.0838444890482849
test_unseen_family,Default FR,2030,test_unseen_family__random_geometric__small__idx0002__seed502028,0.0615349076997036
test_unseen_family,Default FR,2030,test_unseen_family__random_geometric__small__idx0003__seed502029,0.07597154502964903
test_unseen_family,Default FR,2030,test_unseen_family__random_geometric__medium__idx0000__seed503026,0.049387352194543654
test_unseen_family,Default FR,2030,test_unseen_family__random_geometric__medium__idx0001__seed503027,0.08005826553106693
test_unseen_family,Random,2030,test_unseen_family__random_geometric__small__idx0000__seed502026,0.0861126946169189
test_unseen_family,Random,2030,test_unseen_family__random_geometric__small__idx0001__seed502027,0.1618151240061848
test_unseen_family,Random,2030,test_unseen_family__random_geometric__small__idx0002__seed502028,0.09387714967881378
test_unseen_family,Random,2030,test_unseen_family__random_geometric__small__idx0003__seed502029,0.08418279169652237
test_unseen_family,Random,2030,test_unseen_family__random_geometric__medium__idx0000__seed503026,0.08115421919664656
test_unseen_family,Random,2030,test_unseen_family__random_geometric__medium__idx0001__seed503027,0.11533210521240972
test_unseen_family,Random,2030,test_unseen_family__random_geometric__medium__idx0002__seed503028,0.08005109558898443
test_unseen_family,Random,2030,test_unseen_family__random_geometric__medium__idx0003__seed503029,0.07603388091042051
test_unseen_family,Random,2030,test_unseen_family__random_geometric__large__idx0000__seed504026,0.07716797161034761
test_unseen_family,Random,2030,test_unseen_family__random_geometric__large__idx0001__seed504027,0.06899143988857093
test_unseen_family,Random,2030,test_unseen_family__random_geometric__large__idx0002__seed504028,0.0798544096908253
test_unseen_family,Random,2030,test_unseen_family__random_geometric__large__idx0003__seed504029,0.08222627568974589
test_unseen_family,Random,2030,test_unseen_family__clustered__small__idx0000__seed512026,0.12666542554209403
test_unseen_family,Random,2030,test_unseen_family__clustered__small__idx0001__seed512027,0.16000446963740322
test_unseen_family,Random,2030,test_unseen_family__clustered__small__idx0002__seed512028,0.18210649813327195
test_unseen_family,Random,2030,test_unseen_family__clustered__small__idx0003__seed512029,0.17354153925492588
test_unseen_family,Random,2030,test_unseen_family__clustered__medium__idx0000__seed513026,0.1661492345260393
test_unseen_family,Random,2030,test_unseen_family__clustered__medium__idx0001__seed513027,0.11093407410908157
test_unseen_family,Random,2030,test_unseen_family__clustered__medium__idx0002__seed513028,0.12154122155476721
test_unseen_family,Random,2030,test_unseen_family__clustered__medium__idx0003__seed513029,0.11588561934199199
test_unseen_family,Random,2030,test_unseen_family__clustered__large__idx0000__seed514026,0.06575389017017269
test_unseen_family,Random,2030,test_unseen_family__clustered__large__idx0001__seed514027,0.07166417130144614
test_unseen_family,Random,2030,test_unseen_family__clustered__large__idx0002__seed514028,0.08326315176759791
test_unseen_family,Random,2030,test_unseen_family__clustered__large__idx0003__seed514029,0.10300970937797599
test_unseen_family,Random,2030,test_unseen_family__random_geometric__small__idx0000__seed502026,0.07943052316601257
test_unseen_family,Random,2030,test_unseen_family__random_geometric__small__idx0001__seed502027,0.08249746664304147
test_unseen_family,Random,2030,test_unseen_family__random_geometric__small__idx0002__seed502028,0.054818715760440506
test_unseen_family,Random,2030,test_unseen_family__random_geometric__small__idx0003__seed502029,0.07667560278985502
test_unseen_family,Random,2030,test_unseen_family__random_geometric__medium__idx0000__seed503026,0.052392674769651426
test_unseen_family,Random,2030,test_unseen_family__random_geometric__medium__idx0001__seed503027,0.08417093156205652
test_unseen_family,Best fixed,2030,test_unseen_family__random_geometric__small__idx0000__seed502026,0.08019940007820353
test_unseen_family,Best fixed,2030,test_unseen_family__random_geometric__small__idx0001__seed502027,0.16273694668913563
test_unseen_family,Best fixed,2030,test_unseen_family__random_geometric__small__idx0002__seed502028,0.11169554947871174
test_unseen_family,Best fixed,2030,test_unseen_family__random_geometric__small__idx0003__seed502029,0.08519548539531335
test_unseen_family,Best fixed,2030,test_unseen_family__random_geometric__medium__idx0000__seed503026,0.09113233628973738
test_unseen_family,Best fixed,2030,test_unseen_family__random_geometric__medium__idx0001__seed503027,0.09621078142631817
test_unseen_family,Best fixed,2030,test_unseen_family__random_geometric__medium__idx0002__seed503028,0.11524665678692941
test_unseen_family,Best fixed,2030,test_unseen_family__random_geometric__medium__idx0003__seed503029,0.0851809197872262
test_unseen_family,Best fixed,2030,test_unseen_family__random_geometric__large__idx0000__seed504026,0.07946548991656799
test_unseen_family,Best fixed,2030,test_unseen_family__random_geometric__large__idx0001__seed504027,0.08594033751846564
test_unseen_family,Best fixed,2030,test_unseen_family__random_geometric__large__idx0002__seed504028,0.08267860198595273
test_unseen_family,Best fixed,2030,test_unseen_family__random_geometric__large__idx0003__seed504029,0.07985299591587308
test_unseen_family,Best fixed,2030,test_unseen_family__clustered__small__idx0000__seed512026,0.15775354887135773
test_unseen_family,Best fixed,2030,test_unseen_family__clustered__small__idx0001__seed512027,0.18512237269503828
test_unseen_family,Best fixed,2030,test_unseen_family__clustered__small__idx0002__seed512028,0.2088312451461174
test_unseen_family,Best fixed,2030,test_unseen_family__clustered__small__idx0003__seed512029,0.128396358057557
test_unseen_family,Best fixed,2030,test_unseen_family__clustered__medium__idx0000__seed513026,0.1651355557763367
test_unseen_family,Best fixed,2030,test_unseen_family__clustered__medium__idx0001__seed513027,0.10766660311358606
test_unseen_family,Best fixed,2030,test_unseen_family__clustered__medium__idx0002__seed513028,0.11823494374316579
test_unseen_family,Best fixed,2030,test_unseen_family__clustered__medium__idx0003__seed513029,0.1287490098024638
test_unseen_family,Best fixed,2030,test_unseen_family__clustered__large__idx0000__seed514026,0.10042443990844135
test_unseen_family,Best fixed,2030,test_unseen_family__clustered__large__idx0001__seed514027,0.0938853091579262
test_unseen_family,Best fixed,2030,test_unseen_family__clustered__large__idx0002__seed514028,0.08461546037042877
test_unseen_family,Best fixed,2030,test_unseen_family__clustered__large__idx0003__seed514029,0.10004431315362367
test_unseen_family,Best fixed,2030,test_unseen_family__random_geometric__small__idx0000__seed502026,0.08900802115253897
test_unseen_family,Best fixed,2030,test_unseen_family__random_geometric__small__idx0001__seed502027,0.08983539783867223
test_unseen_family,Best fixed,2030,test_unseen_family__random_geometric__small__idx0002__seed502028,0.07767600148613485
test_unseen_family,Best fixed,2030,test_unseen_family__random_geometric__small__idx0003__seed502029,0.07837054082253142
test_unseen_family,Best fixed,2030,test_unseen_family__random_geometric__medium__idx0000__seed503026,0.08519210607397293
test_unseen_family,Best fixed,2030,test_unseen_family__random_geometric__medium__idx0001__seed503027,0.0856101749130253
test_unseen_family,PPO,2030,test_unseen_family__random_geometric__small__idx0000__seed502026,0.09270323813481157
test_unseen_family,PPO,2030,test_unseen_family__random_geometric__small__idx0001__seed502027,0.17124026459235409
test_unseen_family,PPO,2030,test_unseen_family__random_geometric__small__idx0002__seed502028,0.10085002279318511
test_unseen_family,PPO,2030,test_unseen_family__random_geometric__small__idx0003__seed502029,0.09504138158690739
test_unseen_family,PPO,2030,test_unseen_family__random_geometric__medium__idx0000__seed503026,0.10375030155168397
test_unseen_family,PPO,2030,test_unseen_family__random_geometric__medium__idx0001__seed503027,0.11598061000516041
test_unseen_family,PPO,2030,test_unseen_family__random_geometric__medium__idx0002__seed503028,0.09437076174724851
test_unseen_family,PPO,2030,test_unseen_family__random_geometric__medium__idx0003__seed503029,0.08488426743901756
test_unseen_family,PPO,2030,test_unseen_family__random_geometric__large__idx0000__seed504026,0.09157793696974059
test_unseen_family,PPO,2030,test_unseen_family__random_geometric__large__idx0001__seed504027,0.08649765399380804
test_unseen_family,PPO,2030,test_unseen_family__random_geometric__large__idx0002__seed504028,0.08634077875462937
test_unseen_family,PPO,2030,test_unseen_family__random_geometric__large__idx0003__seed504029,0.08132809293077775
test_unseen_family,PPO,2030,test_unseen_family__clustered__small__idx0000__seed512026,0.15463545817134516
test_unseen_family,PPO,2030,test_unseen_family__clustered__small__idx0001__seed512027,0.16250768426469997
test_unseen_family,PPO,2030,test_unseen_family__clustered__small__idx0002__seed512028,0.1566322935669735
test_unseen_family,PPO,2030,test_unseen_family__clustered__small__idx0003__seed512029,0.19153097179922707
test_unseen_family,PPO,2030,test_unseen_family__clustered__medium__idx0000__seed513026,0.16377857588796768
test_unseen_family,PPO,2030,test_unseen_family__clustered__medium__idx0001__seed513027,0.11692792804468571
test_unseen_family,PPO,2030,test_unseen_family__clustered__medium__idx0002__seed513028,0.1166477833123224
test_unseen_family,PPO,2030,test_unseen_family__clustered__medium__idx0003__seed513029,0.12734830773975242
test_unseen_family,PPO,2030,test_unseen_family__clustered__large__idx0000__seed514026,0.10612474601692484
test_unseen_family,PPO,2030,test_unseen_family__clustered__large__idx0001__seed514027,0.0895824976791641
test_unseen_family,PPO,2030,test_unseen_family__clustered__large__idx0002__seed514028,0.0831679280833314
test_unseen_family,PPO,2030,test_unseen_family__clustered__large__idx0003__seed514029,0.09846332313979628
test_unseen_family,PPO,2030,test_unseen_family__random_geometric__small__idx0000__seed502026,0.08013164638850073
test_unseen_family,PPO,2030,test_unseen_family__random_geometric__small__idx0001__seed502027,0.0838444890482849
test_unseen_family,PPO,2030,test_unseen_family__random_geometric__small__idx0002__seed502028,0.0615349076997036
test_unseen_family,PPO,2030,test_unseen_family__random_geometric__small__idx0003__seed502029,0.07964168352881223
test_unseen_family,PPO,2030,test_unseen_family__random_geometric__medium__idx0000__seed503026,0.07572735013462423
test_unseen_family,PPO,2030,test_unseen_family__random_geometric__medium__idx0001__seed503027,0.08145848039374365
